;PlannedDate;Picks Karton;Picks Stangen;Picks Paletten;PickDurationMinutes_Karton;PickDurationSeconds_Karton;PickDurationMinutes_Stangen;PickDurationSeconds_Stangen;PickDurationMinutes_Palette;PickDurationSeconds_Palette;PickDurationMinutes_Other;PicksPerMinute_Karton;PicksPerSeconds_Karton;PicksPerMinute_Palette;PicksPerSeconds_Palette;PicksPerMinute_Stangen;PicksPerSeconds_Stangen
0;2022-09-02 00:00:00+00:00;140.0;0.0;0.0;133.68333333333334;8021.0;0.0;0.0;0.0;0.0;0.0;1.047250966213689;0.01745418277022815;;;;
1;2022-09-05 00:00:00+00:00;1483.0;419.0;24.0;1286.95;77217.0;224.88333333333335;13493.0;62.16666666666667;3730.0;0.0;1.152336920626287;0.019205615343771448;0.38605898123324395;0.006434316353887399;1.8631883198695618;0.0310531386644927
2;2022-09-06 00:00:00+00:00;1116.0;552.0;26.0;1009.7;60582.0;207.01666666666665;12421.0;58.0;3480.0;10.666666666666666;1.1052787956818857;0.01842131326136476;0.4482758620689655;0.007471264367816092;2.666451976491426;0.0444408662748571
3;2022-09-07 00:00:00+00:00;867.0;424.0;26.0;868.65;52119.0;232.78333333333333;13967.0;53.7;3222.0;0.0;0.9981005007770679;0.016635008346284466;0.48417132216014896;0.008069522036002483;1.8214362425717763;0.030357270709529604
4;2022-09-08 00:00:00+00:00;812.0;151.0;19.0;537.6333333333333;32258.0;85.81666666666666;5149.0;47.95;2877.0;0.0;1.5103230206460414;0.025172050344100687;0.39624608967674657;0.006604101494612443;1.7595649640706934;0.029326082734511556
5;2022-09-09 00:00:00+00:00;1032.0;676.0;14.0;856.9333333333333;51416.0;259.0333333333333;15542.0;13.149999999999999;789.0;0.0;1.2042943830714175;0.02007157305119029;1.0646387832699622;0.017743979721166033;2.6097027409599796;0.04349504568266632
6;2022-09-12 00:00:00+00:00;1705.0;303.0;36.0;1517.4833333333333;91049.0;158.11666666666667;9487.0;103.9;6234.0;0.0;1.123570824501093;0.018726180408351546;0.34648700673724736;0.005774783445620789;1.916306524718035;0.03193844207863392
7;2022-09-13 00:00:00+00:00;1245.0;268.0;28.0;1198.8666666666666;71932.0;142.65;8559.0;93.08333333333334;5585.0;0.0;1.0384807874103321;0.017308013123505533;0.3008057296329454;0.005013428827215756;1.8787241500175254;0.03131206916695876
8;2022-09-14 00:00:00+00:00;1635.0;485.0;52.0;1452.8166666666666;87169.0;273.41666666666663;16405.0;180.73333333333335;10844.0;0.0;1.1254000848925652;0.01875666808154275;0.28771670970121727;0.004795278495020288;1.7738494361475163;0.029564157269125268
9;2022-09-15 00:00:00+00:00;803.0;319.0;29.0;692.5833333333334;41555.0;331.9166666666667;19915.0;103.39999999999999;6204.0;0.0;1.1594272650703885;0.019323787751173143;0.28046421663442944;0.004674403610573823;0.9610846095907607;0.01601807682651268
10;2022-09-16 00:00:00+00:00;1454.0;294.0;51.0;1218.7666666666667;73126.0;161.2;9672.0;175.71666666666667;10543.0;0.0;1.1930093263681865;0.019883488772803107;0.2902399696481077;0.004837332827468462;1.8238213399503724;0.030397022332506202
11;2022-09-19 00:00:00+00:00;1630.0;574.0;42.0;1321.6499999999999;79299.0;315.18333333333334;18911.0;146.4;8784.0;0.0;1.2333068512843794;0.02055511418807299;0.28688524590163933;0.0047814207650273225;1.8211622864999206;0.030352704774998678
12;2022-09-20 00:00:00+00:00;1884.0;1449.0;42.0;1368.0166666666667;82081.0;593.3166666666666;35599.0;130.9;7854.0;10.75;1.3771762039936162;0.022952936733226934;0.32085561497326204;0.0053475935828877;2.4422034326806936;0.04070339054467822
13;2022-09-21 00:00:00+00:00;2250.0;739.0;77.0;1491.8500000000001;89511.0;431.25;25875.0;269.4;16164.0;10.0;1.5081945235781076;0.02513657539296846;0.2858203414996288;0.004763672358327147;1.713623188405797;0.02856038647342995
14;2022-09-22 00:00:00+00:00;1134.0;212.0;39.0;874.5500000000001;52473.0;144.81666666666666;8689.0;96.61666666666666;5797.0;0.0;1.2966668572408666;0.021611114287347778;0.40365706399862;0.006727617733310333;1.4639198987225228;0.024398664978708712
15;2022-09-23 00:00:00+00:00;1322.0;599.0;28.0;823.0333333333333;49382.0;307.2166666666667;18433.0;64.65;3879.0;0.0;1.6062532906727147;0.02677088817787858;0.4331013147718484;0.007218355246197474;1.9497640101990992;0.032496066836651655
16;2022-09-26 00:00:00+00:00;2031.0;501.0;93.0;1447.8166666666666;86869.0;265.15;15909.0;259.98333333333335;15599.0;10.0;1.4028019201326136;0.023380032002210224;0.357715238156292;0.005961920635938201;1.8894965114086368;0.03149160852347728
17;2022-09-27 00:00:00+00:00;1516.0;1319.0;24.0;1104.1666666666667;66250.0;624.85;37491.0;81.53333333333333;4892.0;31.966666666666665;1.3729811320754717;0.02288301886792453;0.294358135731807;0.004905968928863451;2.110906617588221;0.035181776959803686
18;2022-09-28 00:00:00+00:00;2114.0;401.0;59.0;1489.1666666666667;89350.0;203.29999999999998;12198.0;134.86666666666667;8092.0;0.0;1.4195858981533296;0.02365976496922216;0.4374691052891745;0.007291151754819575;1.972454500737826;0.032874241678963766
19;2022-09-29 00:00:00+00:00;1222.0;200.0;57.0;865.0666666666666;51904.0;116.33333333333333;6980.0;177.8;10668.0;0.0;1.4126078914919853;0.023543464858199754;0.3205849268841395;0.005343082114735658;1.7191977077363898;0.02865329512893983
20;2022-09-30 00:00:00+00:00;2379.0;647.0;70.0;1388.0166666666667;83281.0;246.81666666666666;14809.0;221.5;13290.0;0.0;1.7139563645969669;0.028565939409949448;0.3160270880361174;0.005267118133935289;2.621378891214802;0.043689648186913364
21;2022-10-04 00:00:00+00:00;1359.0;678.0;39.0;1363.4833333333333;81809.0;363.2;21792.0;154.85;9291.0;0.0;0.9967118532190835;0.01661186422031806;0.2518566354536648;0.004197610590894414;1.866740088105727;0.031112334801762113
22;2022-10-05 00:00:00+00:00;1521.0;951.0;79.0;1214.4333333333334;72866.0;493.06666666666666;29584.0;273.93333333333334;16436.0;0.0;1.2524359783712569;0.02087393297285428;0.28839133609150647;0.004806522268191774;1.928745267712277;0.03214575446187128
23;2022-10-06 00:00:00+00:00;1078.0;402.0;21.0;861.2;51672.0;212.03333333333333;12722.0;49.33333333333333;2960.0;0.0;1.2517417556897352;0.02086236259482892;0.4256756756756757;0.007094594594594595;1.8959283131583085;0.031598805219305144
24;2022-10-07 00:00:00+00:00;1187.0;623.0;66.0;1229.5833333333333;73775.0;265.8;15948.0;84.31666666666666;5059.0;19.916666666666664;0.9653676719756016;0.01608946119959336;0.7827633919746986;0.013046056532911642;2.343867569601204;0.039064459493353396
25;2022-10-10 00:00:00+00:00;1710.0;1093.0;122.0;1577.4166666666667;94645.0;592.35;35541.0;244.03333333333333;14642.0;27.116666666666667;1.0840509271488192;0.01806751545248032;0.4999317033192187;0.008332195055320311;1.8451928758335443;0.03075321459722574
26;2022-10-11 00:00:00+00:00;1253.0;830.0;60.0;1277.3666666666668;76642.0;398.23333333333335;23894.0;138.53333333333333;8312.0;18.03333333333333;0.9809242973826361;0.0163487382897106;0.4331087584215592;0.007218479307025986;2.084205239809157;0.03473675399681928
27;2022-10-12 00:00:00+00:00;1142.0;413.0;89.0;1217.5;73050.0;255.18333333333334;15311.0;165.6;9936.0;13.516666666666666;0.9379876796714579;0.0156331279945243;0.5374396135265701;0.0089573268921095;1.6184442557638299;0.026974070929397166
28;2022-10-13 00:00:00+00:00;996.0;334.0;78.0;889.3833333333333;53363.0;183.4;11004.0;107.13333333333333;6428.0;21.666666666666668;1.1198770683807133;0.01866461780634522;0.7280647168637213;0.012134411947728687;1.8211559432933477;0.030352599054889132
29;2022-10-14 00:00:00+00:00;1465.0;557.0;30.0;1386.3833333333332;83183.0;312.06666666666666;18724.0;197.61666666666667;11857.0;0.0;1.0567062981618842;0.0176117716360314;0.1518090579404571;0.0025301509656742854;1.784875026703696;0.029747917111728264
30;2022-10-17 00:00:00+00:00;1680.0;201.0;49.0;1414.5333333333333;84872.0;137.11666666666667;8227.0;158.53333333333333;9512.0;0.0;1.1876708455085305;0.01979451409180884;0.3090832632464256;0.00515138772077376;1.465904947125319;0.024431749118755317
31;2022-10-18 00:00:00+00:00;1614.0;1039.0;35.0;1428.3333333333333;85700.0;567.1166666666667;34027.0;170.8;10248.0;0.0;1.1299883313885648;0.01883313885647608;0.20491803278688522;0.0034153005464480873;1.8320745290504599;0.030534575484174334
32;2022-10-19 00:00:00+00:00;1560.0;464.0;54.0;1404.8833333333332;84293.0;284.4;17064.0;190.35;11421.0;24.35;1.1104124897678338;0.018506874829463893;0.28368794326241137;0.004728132387706856;1.6315049226441634;0.02719174871073605
33;2022-10-20 00:00:00+00:00;1041.0;116.0;41.0;790.4;47424.0;84.46666666666667;5068.0;69.3;4158.0;0.55;1.3170546558704455;0.02195091093117409;0.5916305916305916;0.009860509860509861;1.3733228097868981;0.022888713496448304
34;2022-10-21 00:00:00+00:00;1693.0;638.0;27.0;1476.9833333333333;88619.0;418.33333333333337;25100.0;175.55;10533.0;0.0;1.146255317708392;0.019104255295139868;0.15380233551694672;0.002563372258615779;1.5250996015936253;0.025418326693227092
35;2022-10-24 00:00:00+00:00;1473.0;146.0;44.0;1383.3666666666668;83002.0;73.21666666666667;4393.0;182.88333333333333;10973.0;0.0;1.064793619430857;0.017746560323847617;0.24059054041738814;0.004009842340289802;1.9940814932847712;0.03323469155474619
36;2022-10-25 00:00:00+00:00;1774.0;1259.0;36.0;1594.7666666666667;95686.0;658.5666666666667;39514.0;134.53333333333333;8072.0;0.0;1.1123884371799428;0.01853980728633238;0.267591674925669;0.0044598612487611496;1.9117274889912435;0.031862124816520725
37;2022-10-26 00:00:00+00:00;2304.0;533.0;67.0;1948.2;116892.0;462.98333333333335;27779.0;207.01666666666665;12421.0;6.066666666666666;1.1826301201108715;0.01971050200184786;0.32364543917558974;0.005394090652926496;1.15122934590878;0.019187155765146333
38;2022-10-27 00:00:00+00:00;876.0;352.0;25.0;783.5333333333333;47012.0;336.35;20181.0;89.6;5376.0;0.0;1.1180124223602486;0.018633540372670808;0.27901785714285715;0.004650297619047619;1.0465289133343243;0.017442148555572072
39;2022-10-28 00:00:00+00:00;1778.0;520.0;50.0;1475.3;88518.0;315.2166666666667;18913.0;163.93333333333334;9836.0;0.18333333333333332;1.2051786077407984;0.020086310129013307;0.30500203334688897;0.005083367222448149;1.649658964733252;0.027494316078887537
40;2022-10-31 00:00:00+00:00;1215.0;861.0;21.0;953.3000000000001;57198.0;428.3666666666667;25702.0;96.1;5766.0;0.0;1.274520088114969;0.02124200146858282;0.21852237252861603;0.0036420395421436005;2.0099603143724223;0.0334993385728737
41;2022-11-02 00:00:00+00:00;1276.0;843.0;26.0;841.95;50517.0;390.23333333333335;23414.0;116.06666666666666;6964.0;0.0;1.5155294257378704;0.02525882376229784;0.22400919012062034;0.003733486502010339;2.1602460066626805;0.03600410011104467
42;2022-11-03 00:00:00+00:00;1100.0;285.0;28.0;773.2333333333333;46394.0;173.3;10398.0;98.7;5922.0;0.0;1.422597749709014;0.023709962495150234;0.2836879432624113;0.004728132387706856;1.6445470282746681;0.027409117137911138
43;2022-11-04 00:00:00+00:00;1423.0;618.0;30.0;1000.1333333333333;60008.0;388.0;23280.0;123.95;7437.0;0.0;1.422810291961072;0.023713504866017865;0.24203307785397338;0.004033884630899556;1.592783505154639;0.02654639175257732
44;2022-11-07 00:00:00+00:00;1763.0;348.0;61.0;1217.0;73020.0;135.33333333333334;8120.0;227.13333333333333;13628.0;0.0;1.448644207066557;0.024144070117775952;0.2685647196947461;0.004476078661579102;2.571428571428571;0.04285714285714286
45;2022-11-08 00:00:00+00:00;1408.0;699.0;26.0;1118.65;67119.0;347.4;20844.0;156.3;9378.0;0.0;1.258659991954588;0.020977666532576468;0.16634676903390913;0.0027724461505651524;2.0120898100172715;0.03353483016695452
46;2022-11-09 00:00:00+00:00;1541.0;988.0;50.0;1306.5333333333333;78392.0;604.65;36279.0;202.86666666666667;12172.0;0.0;1.1794570874579038;0.019657618124298396;0.2464673020046007;0.004107788366743345;1.6340031423137353;0.02723338570522892
47;2022-11-10 00:00:00+00:00;840.0;274.0;26.0;664.6;39876.0;158.7;9522.0;70.71666666666667;4243.0;0.0;1.2639181462533855;0.021065302437556426;0.36766438840443083;0.006127739806740514;1.7265280403276624;0.02877546733879437
48;2022-11-11 00:00:00+00:00;1536.0;691.0;40.0;1328.8833333333332;79733.0;352.8666666666667;21172.0;75.05;4503.0;31.433333333333334;1.1558576749902802;0.019264294583171335;0.5329780146568954;0.008882966910948257;1.958246740978651;0.032637445682977516
49;2022-11-14 00:00:00+00:00;1809.0;716.0;87.0;1789.7;107382.0;494.73333333333335;29684.0;278.81666666666666;16729.0;28.68333333333333;1.0107839302676427;0.016846398837794044;0.31203299659274314;0.005200549943212385;1.4472443066972105;0.02412073844495351
50;2022-11-15 00:00:00+00:00;1054.0;521.0;29.0;1316.2;78972.0;286.1333333333333;17168.0;119.03333333333333;7142.0;0.36666666666666664;0.8007901534721167;0.013346502557868612;0.243629235508261;0.004060487258471017;1.820829450139795;0.030347157502329917
51;2022-11-16 00:00:00+00:00;2093.0;652.0;75.0;1685.9333333333334;101156.0;360.59999999999997;21636.0;176.89999999999998;10614.0;7.066666666666666;1.2414488512792123;0.02069081418798687;0.42396834369700404;0.0070661390616167325;1.808097615085968;0.030134960251432797
52;2022-11-17 00:00:00+00:00;798.0;1058.0;63.0;790.6333333333333;47438.0;410.5;24630.0;128.5;7710.0;6.966666666666667;1.009317424849277;0.016821957080821282;0.490272373540856;0.008171206225680934;2.577344701583435;0.04295574502639058
53;2022-11-18 00:00:00+00:00;1566.0;1122.0;26.0;1427.2;85632.0;832.85;49971.0;183.23333333333332;10994.0;0.0;1.0972533632286996;0.01828755605381166;0.14189557940694925;0.002364926323449154;1.3471813651918112;0.022453022753196855
54;2022-11-21 00:00:00+00:00;2430.0;750.0;95.0;2130.8166666666666;127849.0;632.1166666666667;37927.0;234.13333333333333;14048.0;0.0;1.1404078248558847;0.01900679708093141;0.40575170842824604;0.0067625284738041;1.186489835737074;0.0197748305956179
55;2022-11-22 00:00:00+00:00;1793.0;781.0;40.0;1721.4166666666667;103285.0;501.8833333333333;30113.0;101.9;6114.0;0.0;1.041583966694099;0.01735973277823498;0.39254170755642787;0.006542361792607131;1.556138544814532;0.025935642413575533
56;2022-11-23 00:00:00+00:00;1833.0;430.0;42.0;1712.6166666666668;102757.0;264.6333333333333;15878.0;144.91666666666669;8695.0;0.0;1.070292048230291;0.017838200803838182;0.28982173663024724;0.0048303622771707876;1.6248897846076333;0.02708149641012722
57;2022-11-24 00:00:00+00:00;996.0;108.0;57.0;847.5666666666667;50854.0;133.41666666666666;8005.0;106.56666666666666;6394.0;0.0;1.1751288000943878;0.01958548000157313;0.534876446668752;0.0089146074444792;0.8094940662086196;0.01349156777014366
58;2022-11-25 00:00:00+00:00;1735.0;801.0;43.0;1216.7833333333333;73007.0;336.73333333333335;20204.0;122.75;7365.0;0.0;1.4258906680181354;0.023764844466968922;0.35030549898167007;0.0058384249830278345;2.378736883785389;0.03964561472975649
59;2022-11-28 00:00:00+00:00;2499.0;615.0;78.0;2076.116666666667;124567.0;461.7;27702.0;225.98333333333332;13559.0;0.0;1.203689580707571;0.02006149301179285;0.3451581975071908;0.005752636625119847;1.332033788174139;0.02220056313623565
60;2022-11-29 00:00:00+00:00;1859.0;877.0;51.0;1330.0833333333333;79805.0;641.5833333333334;38495.0;204.4;12264.0;0.0;1.397656788421778;0.023294279807029635;0.24951076320939333;0.0041585127201565555;1.3669307702298998;0.022782179503831667
61;2022-11-30 00:00:00+00:00;1663.0;330.0;82.0;1273.1666666666667;76390.0;284.31666666666666;17059.0;264.1166666666667;15847.0;0.0;1.3061919099358554;0.02176986516559759;0.31046885845901434;0.005174480974316905;1.1606776481622605;0.019344627469371007
62;2022-12-01 00:00:00+00:00;1043.0;80.0;47.0;900.4333333333333;54026.0;67.5;4050.0;93.21666666666667;5593.0;0.0;1.1583311738792434;0.019305519564654056;0.5042016806722689;0.008403361344537815;1.1851851851851851;0.019753086419753086
63;2022-12-02 00:00:00+00:00;1901.0;597.0;66.0;1409.7333333333333;84584.0;354.03333333333336;21242.0;94.35;5661.0;0.0;1.3484819824080203;0.02247469970680034;0.699523052464229;0.011658717541070483;1.6862818943602296;0.028104698239337162
64;2022-12-05 00:00:00+00:00;2136.0;278.0;120.0;2235.1666666666665;134110.0;554.15;33249.0;290.4;17424.0;0.6833333333333333;0.9556334352397287;0.015927223920662145;0.4132231404958678;0.006887052341597796;0.5016692231345303;0.00836115371890884
65;2022-12-06 00:00:00+00:00;1525.0;471.0;66.0;1582.6833333333334;94961.0;258.6;15516.0;208.85;12531.0;0.0;0.9635534587883446;0.016059224313139078;0.31601627962652623;0.005266937993775437;1.8213457076566124;0.030355761794276875
66;2022-12-07 00:00:00+00:00;1986.0;943.0;88.0;1683.3;100998.0;667.95;40077.0;250.23333333333335;15014.0;0.0;1.1798253430761005;0.019663755717935008;0.3516717730118556;0.00586119621686426;1.4117823190358558;0.023529705317264265
67;2022-12-08 00:00:00+00:00;1578.0;153.0;91.0;1333.8;80028.0;224.15;13449.0;156.76666666666665;9406.0;0.0;1.1830859199280253;0.019718098665467088;0.5804805443334042;0.00967467573889007;0.682578630381441;0.01137631050635735
68;2022-12-09 00:00:00+00:00;2340.0;989.0;86.0;1915.8;114948.0;732.0666666666666;43924.0;176.25;10575.0;10.0;1.2214218603194489;0.020357031005324145;0.4879432624113475;0.008132387706855792;1.350969857025772;0.022516164283762862
69;2022-12-12 00:00:00+00:00;2841.0;892.0;102.0;2583.4333333333334;155006.0;746.9666666666667;44818.0;364.0;21840.0;0.0;1.0996993664761363;0.018328322774602272;0.2802197802197802;0.00467032967032967;1.1941630594850283;0.019902717658083807
70;2022-12-13 00:00:00+00:00;1963.0;1348.0;45.0;1736.3333333333333;104180.0;624.1833333333333;37451.0;118.15;7089.0;0.0;1.1305432904588213;0.018842388174313687;0.3808717731696995;0.006347862886161659;2.1596219059571173;0.03599369843261862
71;2022-12-14 00:00:00+00:00;2186.0;1058.0;71.0;1922.8166666666666;115369.0;656.6833333333334;39401.0;143.5;8610.0;0.0;1.1368738569286376;0.018947897615477296;0.49477351916376305;0.00824622531939605;1.6111266211517472;0.026852110352529122
72;2022-12-15 00:00:00+00:00;1968.0;52.0;51.0;1520.7833333333333;91247.0;70.31666666666666;4219.0;121.36666666666667;7282.0;0.0;1.2940699420254913;0.021567832367091522;0.4202142268607525;0.0070035704476792094;0.7395117326380659;0.012325195543967766
73;2022-12-16 00:00:00+00:00;2089.0;962.0;57.0;1728.9166666666667;103735.0;614.9666666666667;36898.0;163.56666666666666;9814.0;0.0;1.2082710753361932;0.02013785125560322;0.3484817607499491;0.005808029345832484;1.5643124288579326;0.026071873814298877
74;2022-12-19 00:00:00+00:00;1941.0;626.0;68.0;1731.6833333333334;103901.0;507.3;30438.0;219.56666666666666;13174.0;0.0;1.1208746787807624;0.018681244646346042;0.30970092606649463;0.005161682101108243;1.2339838359944806;0.020566397266574676
75;2022-12-20 00:00:00+00:00;1645.0;696.0;39.0;1181.15;70869.0;364.6333333333333;21878.0;216.3;12978.0;0.0;1.3927104940100747;0.023211841566834583;0.18030513176144244;0.003005085529357374;1.908766797696316;0.03181277996160527
76;2022-12-21 00:00:00+00:00;1139.0;919.0;58.0;1072.05;64323.0;670.4166666666666;40225.0;210.01666666666665;12601.0;1.1166666666666667;1.06245044540833;0.017707507423472164;0.27616855805094837;0.004602809300849139;1.370789310130516;0.022846488502175265
77;2022-12-22 00:00:00+00:00;1126.0;116.0;27.0;584.95;35097.0;119.81666666666666;7189.0;68.58333333333334;4115.0;0.0;1.9249508505000426;0.032082514175000715;0.39368165249088694;0.006561360874848116;0.9681457782723606;0.01613576297120601
78;2022-12-23 00:00:00+00:00;1600.0;781.0;38.0;1262.6833333333334;75761.0;507.1166666666667;30427.0;109.06666666666666;6544.0;0.0;1.2671427251488232;0.021119045419147053;0.3484107579462103;0.005806845965770171;1.5400795346238538;0.025667992243730897
79;2022-12-27 00:00:00+00:00;1122.0;866.0;18.0;901.0333333333333;54062.0;484.9166666666667;29095.0;98.81666666666666;5929.0;0.0;1.2452369501683254;0.020753949169472086;0.1821555068308315;0.0030359251138471917;1.7858738614882281;0.02976456435813714
80;2022-12-28 00:00:00+00:00;1051.0;518.0;31.0;826.25;49575.0;383.1333333333333;22988.0;97.95;5877.0;0.0;1.2720121028744327;0.021200201714573878;0.3164880040837162;0.005274800068061937;1.3520097442143728;0.02253349573690621
81;2022-12-29 00:00:00+00:00;804.0;74.0;23.0;351.4666666666667;21088.0;101.28333333333333;6077.0;40.55;2433.0;0.0;2.2875569044006068;0.03812594840667678;0.5672009864364982;0.009453349773941636;0.7306236629916077;0.012177061049860128
82;2022-12-30 00:00:00+00:00;1136.0;848.0;48.0;699.2166666666667;41953.0;454.0;27240.0;78.71666666666667;4723.0;11.516666666666666;1.6246752318070221;0.027077920530117035;0.6097819182722846;0.010163031971204743;1.86784140969163;0.031130690161527166
83;2023-01-02 00:00:00+00:00;1380.0;176.0;86.0;1036.5833333333333;62195.0;230.61666666666667;13837.0;133.1;7986.0;7.249999999999999;1.3312967280328;0.02218827880054667;0.6461307287753569;0.01076884547958928;0.7631712076317121;0.012719520127195202
84;2023-01-03 00:00:00+00:00;1157.0;742.0;43.0;765.7666666666667;45946.0;478.3333333333333;28700.0;75.8;4548.0;8.5;1.5109041048187002;0.02518173508031167;0.5672823218997362;0.009454705364995602;1.551219512195122;0.025853658536585365
85;2023-01-04 00:00:00+00:00;739.0;879.0;53.0;473.0;28380.0;424.76666666666665;25486.0;89.51666666666667;5371.0;7.183333333333334;1.562367864693446;0.026039464411557436;0.5920685161050084;0.00986780860175014;2.0693714196029194;0.034489523660048656
86;2023-01-05 00:00:00+00:00;1147.0;272.0;35.0;520.75;31245.0;131.95;7917.0;57.11666666666667;3427.0;0.0;2.202592414786366;0.03670987357977276;0.612780857893201;0.010213014298220018;2.061386888973096;0.0343564481495516
87;2023-01-09 00:00:00+00:00;1326.0;571.0;49.0;820.9166666666666;49255.0;437.15;26229.0;136.86666666666667;8212.0;0.0;1.6152674855344635;0.026921124758907726;0.3580126643935704;0.0059668777398928395;1.3061878073887683;0.021769796789812803
88;2023-01-10 00:00:00+00:00;1120.0;615.0;17.0;707.2333333333333;42434.0;359.45;21567.0;42.233333333333334;2534.0;0.0;1.583635763774332;0.026393929396238865;0.40252565114443567;0.006708760852407261;1.7109472805675339;0.028515788009458896
89;2023-01-11 00:00:00+00:00;960.0;448.0;59.0;619.0666666666666;37144.0;374.48333333333335;22469.0;155.4;9324.0;0.0;1.5507215162610384;0.025845358604350634;0.37966537966537967;0.006327756327756328;1.1963149227825003;0.019938582046375004
90;2023-01-12 00:00:00+00:00;950.0;417.0;26.0;662.4666666666666;39748.0;342.6166666666667;20557.0;32.016666666666666;1921.0;0.0;1.434034416826004;0.02390057361376673;0.8120770432066632;0.01353461738677772;1.2171036629858443;0.02028506104976407
91;2023-01-13 00:00:00+00:00;1339.0;344.0;31.0;635.45;38127.0;330.25;19815.0;42.93333333333334;2576.0;0.0;2.1071681485561413;0.035119469142602354;0.7220496894409937;0.01203416149068323;1.0416351249053748;0.01736058541508958
92;2023-01-16 00:00:00+00:00;2392.0;558.0;95.0;1626.9833333333333;97619.0;425.48333333333335;25529.0;296.48333333333335;17789.0;0.0;1.4702055952222415;0.024503426587037358;0.3204227331496992;0.005340378885828321;1.3114497238434721;0.0218574953973912
93;2023-01-17 00:00:00+00:00;1773.0;956.0;45.0;1060.75;63645.0;406.4;24384.0;142.18333333333334;8531.0;0.0;1.6714588734386047;0.027857647890643412;0.31649279099753835;0.0052748798499589735;2.3523622047244097;0.039206036745406826
94;2023-01-18 00:00:00+00:00;1680.0;531.0;51.0;1141.4333333333334;68486.0;446.7;26802.0;174.4;10464.0;0.0;1.4718336594340449;0.024530560990567416;0.29243119266055045;0.004873853211009175;1.1887172599059772;0.019811954331766288
95;2023-01-19 00:00:00+00:00;1001.0;205.0;35.0;472.48333333333335;28349.0;119.08333333333334;7145.0;78.51666666666667;4711.0;0.0;2.1185932484390984;0.035309887473984974;0.4457652303120357;0.007429420505200594;1.72148355493352;0.028691392582225334
96;2023-01-20 00:00:00+00:00;1849.0;731.0;51.0;1135.2166666666667;68113.0;439.35;26361.0;81.21666666666667;4873.0;1.7166666666666666;1.6287639657627766;0.027146066096046275;0.6279499281756618;0.01046583213626103;1.6638215545692498;0.027730359242820832
97;2023-01-23 00:00:00+00:00;2290.0;743.0;86.0;1551.6833333333334;93101.0;510.15000000000003;30609.0;257.05;15423.0;25.366666666666667;1.4758165862880097;0.024596943104800165;0.3345652596771056;0.005576087661285094;1.4564343820444967;0.02427390636740828
98;2023-01-24 00:00:00+00:00;1956.0;970.0;48.0;1376.4166666666667;82585.0;500.15;30009.0;127.51666666666667;7651.0;1.3833333333333333;1.4210813101652842;0.023684688502754736;0.3764213828257744;0.006273689713762907;1.9394181745476358;0.032323636242460596
99;2023-01-25 00:00:00+00:00;1936.0;752.0;59.0;1205.9833333333333;72359.0;528.9499999999999;31737.0;114.26666666666667;6856.0;0.0;1.6053289846460013;0.02675548307743335;0.5163360560093349;0.008605600933488914;1.4216844692314965;0.02369474115385827
100;2023-01-26 00:00:00+00:00;961.0;117.0;36.0;580.8666666666667;34852.0;80.03333333333333;4802.0;69.8;4188.0;0.0;1.6544244232755652;0.027573740387926086;0.5157593123209169;0.008595988538681949;1.4618908788004998;0.02436484798000833
101;2023-01-27 00:00:00+00:00;1899.0;377.0;41.0;1247.9666666666667;74878.0;225.4;13524.0;148.83333333333334;8930.0;0.0;1.5216752584203637;0.025361254307006063;0.2754759238521836;0.004591265397536394;1.6725820763087844;0.02787636793847974
102;2023-01-30 00:00:00+00:00;2095.0;517.0;71.0;1254.8166666666666;75289.0;255.7;15342.0;193.08333333333334;11585.0;0.65;1.6695666033550718;0.027826110055917862;0.36771687526974534;0.006128614587829089;2.0219006648416116;0.03369834441402685
103;2023-01-31 00:00:00+00:00;1863.0;877.0;52.0;1278.3833333333334;76703.0;466.85;28011.0;137.83333333333334;8270.0;1.9666666666666666;1.457309362084925;0.024288489368082082;0.37726723095525994;0.006287787182587666;1.8785477133983077;0.03130912855663846
104;2023-02-01 00:00:00+00:00;1604.0;437.0;81.0;1049.2833333333333;62957.0;268.68333333333334;16121.0;219.36666666666667;13162.0;5.083333333333333;1.5286624203821657;0.025477707006369428;0.3692447956237654;0.006154079927062756;1.6264499720860988;0.027107499534768313
105;2023-02-02 00:00:00+00:00;1107.0;87.0;47.0;684.9;41094.0;59.11666666666667;3547.0;102.5;6150.0;1.0;1.616294349540079;0.026938239159001315;0.4585365853658537;0.007642276422764228;1.4716661967860163;0.024527769946433606
106;2023-02-03 00:00:00+00:00;1948.0;170.0;43.0;1274.5833333333333;76475.0;158.0;9480.0;116.39999999999999;6984.0;0.0;1.5283425956194836;0.025472376593658058;0.3694158075601375;0.006156930126002291;1.0759493670886076;0.017932489451476793
107;2023-02-06 00:00:00+00:00;1798.0;534.0;65.0;1201.0166666666667;72061.0;381.3833333333333;22883.0;122.43333333333334;7346.0;0.7333333333333333;1.4970649866085677;0.024951083110142797;0.5309011707051456;0.00884835284508576;1.4001660621422016;0.023336101035703362
108;2023-02-07 00:00:00+00:00;1908.0;680.0;53.0;1214.4333333333334;72866.0;413.03333333333336;24782.0;190.05;11403.0;0.0;1.5711031207970796;0.02618505201328466;0.2788739805314391;0.004647899675523985;1.6463562262932774;0.02743927043822129
109;2023-02-08 00:00:00+00:00;1737.0;716.0;76.0;1010.5833333333334;60635.0;353.4;21204.0;191.21666666666667;11473.0;0.0;1.7188092685742558;0.028646821142904264;0.3974548940991894;0.0066242482349864905;2.0260328239954726;0.033767213733257875
110;2023-02-09 00:00:00+00:00;1200.0;153.0;40.0;643.3666666666667;38602.0;64.98333333333333;3899.0;71.58333333333334;4295.0;0.0;1.8651883322107663;0.031086472203512773;0.5587892898719441;0.009313154831199068;2.3544498589381893;0.03924083098230315
111;2023-02-10 00:00:00+00:00;1944.0;566.0;47.0;1324.5833333333333;79475.0;225.13333333333333;13508.0;101.8;6108.0;0.0;1.4676313306071092;0.02446052217678515;0.46168958742632615;0.007694826457105435;2.514065738821439;0.04190109564702399
112;2023-02-13 00:00:00+00:00;2378.0;541.0;80.0;1402.3833333333334;84143.0;241.2;14472.0;126.58333333333333;7595.0;0.0;1.695684727190616;0.0282614121198436;0.6319947333772219;0.01053324555628703;2.242951907131012;0.03738253178551686
113;2023-02-14 00:00:00+00:00;2041.0;870.0;51.0;1283.95;77037.0;481.41666666666663;28885.0;163.81666666666666;9829.0;0.0;1.589625764243156;0.02649376273738593;0.31132363414386;0.0051887272357310004;1.8071663493162542;0.0301194391552709
114;2023-02-15 00:00:00+00:00;1473.0;522.0;48.0;856.0833333333334;51365.0;356.9166666666667;21415.0;149.03333333333333;8942.0;0.0;1.7206268860118756;0.028677114766864596;0.3220755983001566;0.0053679266383359426;1.4625262666355359;0.02437543777725893
115;2023-02-16 00:00:00+00:00;1322.0;143.0;45.0;664.0833333333334;39845.0;84.03333333333333;5042.0;188.54999999999998;11313.0;0.0;1.9907140168151587;0.03317856694691931;0.23866348448687352;0.003977724741447892;1.7017056723522412;0.028361761205870688
116;2023-02-17 00:00:00+00:00;2178.0;1235.0;48.0;1288.3;77298.0;638.0166666666667;38281.0;184.18333333333334;11051.0;27.5;1.6906000155243344;0.028176666925405575;0.2606098995566012;0.004343498325943353;1.9356861106031713;0.03226143517671952
117;2023-02-20 00:00:00+00:00;2383.0;630.0;94.0;1334.0;80040.0;331.76666666666665;19906.0;328.43333333333334;19706.0;1.9333333333333333;1.7863568215892054;0.029772613693153423;0.28620724652390134;0.004770120775398356;1.8989249472520848;0.03164874912086808
118;2023-02-21 00:00:00+00:00;1777.0;389.0;54.0;1283.8333333333333;77030.0;171.9;10314.0;119.53333333333333;7172.0;0.0;1.384136050889264;0.02306893418148773;0.4517568321249303;0.007529280535415505;2.262943571844095;0.03771572619740159
119;2023-02-22 00:00:00+00:00;1602.0;221.0;73.0;1102.6;66156.0;125.13333333333333;7508.0;197.16666666666666;11830.0;0.0;1.4529294395066208;0.024215490658443677;0.3702451394759087;0.006170752324598478;1.7661161427810337;0.02943526904635056
120;2023-02-23 00:00:00+00:00;1271.0;67.0;62.0;632.1833333333334;37931.0;87.45;5247.0;90.23333333333333;5414.0;0.0;2.0104927368115786;0.03350821228019298;0.6871074990764684;0.011451791651274473;0.7661520869068038;0.012769201448446732
121;2023-02-24 00:00:00+00:00;1869.0;737.0;57.0;1043.15;62589.0;352.48333333333335;21149.0;135.86666666666667;8152.0;0.0;1.7916886353832142;0.029861477256386906;0.41952894995093226;0.0069921491658488715;2.0908790013712233;0.03484798335618705
122;2023-02-27 00:00:00+00:00;1970.0;575.0;62.0;1210.0166666666667;72601.0;277.5833333333333;16655.0;183.38333333333333;11003.0;0.0;1.6280767482541563;0.027134612470902604;0.33808961192402076;0.005634826865400345;2.0714500150105075;0.03452416691684179
123;2023-02-28 00:00:00+00:00;1709.0;600.0;51.0;994.7333333333333;59684.0;279.85;16791.0;169.45;10167.0;0.0;1.718048388177736;0.02863413980296227;0.30097373856594867;0.005016228976099144;2.1440057173485796;0.035733428622476325
124;2023-03-01 00:00:00+00:00;1718.0;664.0;53.0;1100.2166666666667;66013.0;338.5333333333333;20312.0;166.45000000000002;9987.0;0.0;1.5615106115462105;0.02602517685910351;0.3184139381195554;0.005306898968659257;1.9614021268215835;0.03269003544702639
125;2023-03-02 00:00:00+00:00;1336.0;252.0;32.0;674.15;40449.0;108.19999999999999;6492.0;159.58333333333334;9575.0;0.0;1.9817548023436922;0.0330292467057282;0.20052219321148823;0.003342036553524804;2.3290203327171906;0.038817005545286505
126;2023-03-03 00:00:00+00:00;2076.0;424.0;47.0;1121.6833333333334;67301.0;250.68333333333334;15041.0;125.73333333333333;7544.0;0.0;1.850789735665146;0.030846495594419102;0.3738069989395546;0.006230116648992577;1.6913769031314407;0.02818961505219068
127;2023-03-06 00:00:00+00:00;2495.0;535.0;83.0;1558.1;93486.0;236.6;14196.0;265.15;15909.0;0.0;1.601309286952057;0.026688488115867617;0.31303036017348673;0.005217172669558112;2.261200338123415;0.03768667230205692
128;2023-03-07 00:00:00+00:00;1800.0;744.0;59.0;1471.8;88308.0;398.8333333333333;23930.0;207.36666666666667;12442.0;0.0;1.222992254382389;0.020383204239706482;0.28452017360552967;0.0047420028934254945;1.8654408692018387;0.03109068115336398
129;2023-03-08 00:00:00+00:00;1844.0;541.0;72.0;1025.55;61533.0;375.78333333333336;22547.0;203.15;12189.0;0.0;1.7980595777875288;0.029967659629792143;0.354417917794733;0.005906965296578882;1.4396593781877853;0.023994322969796426
130;2023-03-09 00:00:00+00:00;1543.0;258.0;53.0;841.8000000000001;50508.0;129.31666666666666;7759.0;140.83333333333334;8450.0;0.0;1.8329769541458778;0.0305496159024313;0.3763313609467455;0.006272189349112426;1.9951024616574302;0.0332517076942905
131;2023-03-10 00:00:00+00:00;2210.0;629.0;42.0;1407.9666666666667;84478.0;322.3;19338.0;195.79999999999998;11748.0;0.0;1.5696394327517222;0.026160657212528707;0.21450459652706846;0.003575076608784474;1.951597890164443;0.03252663150274072
132;2023-03-13 00:00:00+00:00;2066.0;307.0;110.0;1197.4333333333334;71846.0;114.2;6852.0;277.71666666666664;16663.0;1.65;1.7253570136124488;0.028755950226874147;0.39608713917061755;0.006601452319510292;2.6882661996497372;0.04480443666082896
133;2023-03-14 00:00:00+00:00;2019.0;526.0;56.0;1103.7833333333333;66227.0;234.2;14052.0;172.93333333333334;10376.0;0.0;1.8291633321756988;0.030486055536261644;0.3238242097147263;0.005397070161912105;2.245943637916311;0.03743239396527185
134;2023-03-15 00:00:00+00:00;1805.0;804.0;84.0;1029.7666666666667;61786.0;353.6666666666667;21220.0;285.96666666666664;17158.0;0.0;1.7528242643964653;0.029213737739941088;0.2937405291992074;0.004895675486653456;2.2733270499528744;0.03788878416588124
135;2023-03-16 00:00:00+00:00;1264.0;169.0;41.0;692.35;41541.0;71.18333333333334;4271.0;109.68333333333334;6581.0;0.0;1.8256662092872102;0.030427770154786836;0.37380337334751557;0.006230056222458593;2.3741512526340434;0.03956918754390073
136;2023-03-17 00:00:00+00:00;1996.0;371.0;70.0;1048.6833333333334;62921.0;160.83333333333331;9650.0;168.55;10113.0;0.0;1.9033391077700608;0.03172231846283435;0.4153070305547315;0.006921783842578859;2.3067357512953373;0.03844559585492228
137;2023-03-20 00:00:00+00:00;2441.0;378.0;118.0;1465.1;87906.0;172.53333333333333;10352.0;301.1333333333333;18068.0;0.0;1.6660978772780015;0.02776829795463336;0.39185299977861415;0.006530883329643569;2.1908809891808345;0.03651468315301391
138;2023-03-21 00:00:00+00:00;1948.0;1119.0;67.0;1196.7833333333333;71807.0;436.3666666666667;26182.0;326.65;19599.0;0.0;1.6276964641330234;0.027128274402217056;0.2051125057400888;0.003418541762334813;2.5643571919639445;0.04273928653273241
139;2023-03-22 00:00:00+00:00;1842.0;988.0;70.0;1079.6333333333334;64778.0;526.8166666666667;31609.0;196.18333333333334;11771.0;0.0;1.7061347988514617;0.0284355799808577;0.35680910712768665;0.005946818452128111;1.8754152298396025;0.03125692049732671
140;2023-03-23 00:00:00+00:00;1308.0;220.0;48.0;656.0833333333334;39365.0;96.78333333333333;5807.0;158.0;9480.0;0.0;1.993649180744316;0.0332274863457386;0.3037974683544304;0.005063291139240506;2.2731186499052867;0.03788531083175478
141;2023-03-24 00:00:00+00:00;2193.0;735.0;43.0;1177.8;70668.0;355.35;21321.0;94.60000000000001;5676.0;0.0;1.8619460010188487;0.031032433350314144;0.45454545454545453;0.007575757575757576;2.0683832840861123;0.03447305473476854
142;2023-03-27 00:00:00+00:00;2095.0;831.0;95.0;1231.7;73902.0;337.28333333333336;20237.0;213.86666666666667;12832.0;5.2;1.7009011934724365;0.028348353224540608;0.4442019950124688;0.0074033665835411475;2.4638039235064486;0.041063398725107475
143;2023-03-28 00:00:00+00:00;2004.0;1009.0;61.0;1239.4833333333333;74369.0;478.05;28683.0;119.5;7170.0;2.066666666666667;1.6168027000497518;0.026946711667495866;0.5104602510460251;0.008507670850767085;2.1106578809747933;0.035177631349579894
144;2023-03-29 00:00:00+00:00;2455.0;809.0;107.0;1635.3333333333333;98120.0;440.81666666666666;26449.0;273.1333333333333;16388.0;5.016666666666667;1.5012229922543825;0.025020383204239705;0.3917500610202587;0.006529167683670979;1.8352300654089002;0.030587167756815
145;2023-03-30 00:00:00+00:00;1907.0;402.0;74.0;1058.8333333333333;63530.0;96.03333333333333;5762.0;89.39999999999999;5364.0;2.916666666666667;1.8010388792696366;0.03001731465449394;0.8277404921700224;0.013795674869500374;4.186046511627907;0.06976744186046512
146;2023-03-31 00:00:00+00:00;2518.0;615.0;75.0;1590.55;95433.0;297.35;17841.0;213.1;12786.0;3.033333333333333;1.5831001854704347;0.026385003091173913;0.35194744251525106;0.005865790708587518;2.068269715823104;0.03447116193038507
147;2023-04-03 00:00:00+00:00;2965.0;583.0;113.0;1922.55;115353.0;255.56666666666666;15334.0;296.3666666666667;17782.0;0.0;1.5422225689839015;0.025703709483065027;0.38128444494432573;0.006354740749072095;2.2812051649928264;0.03802008608321377
148;2023-04-04 00:00:00+00:00;2684.0;714.0;82.0;1990.5833333333333;119435.0;320.3666666666667;19222.0;142.68333333333334;8561.0;0.0;1.3483484740653913;0.02247247456775652;0.574699217381147;0.009578320289685784;2.228696285506191;0.037144938091769844
149;2023-04-05 00:00:00+00:00;1887.0;813.0;60.0;1580.1166666666668;94807.0;431.48333333333335;25889.0;151.41666666666666;9085.0;0.0;1.1942156169903064;0.01990359361650511;0.39625756741882223;0.006604292790313704;1.8841979218973308;0.031403298698288847
150;2023-04-06 00:00:00+00:00;2764.0;514.0;89.0;1753.2166666666667;105193.0;214.56666666666666;12874.0;191.66666666666666;11500.0;0.0;1.5765307577500405;0.02627551262916734;0.46434782608695657;0.007739130434782609;2.3955258660866865;0.039925431101444774
151;2023-04-11 00:00:00+00:00;2567.0;810.0;72.0;1543.8999999999999;92634.0;341.1666666666667;20470.0;197.0;11820.0;0.7833333333333333;1.6626724528790726;0.02771120754798454;0.36548223350253806;0.006091370558375634;2.3742061553492917;0.03957010258915486
152;2023-04-12 00:00:00+00:00;1809.0;619.0;70.0;1252.8833333333334;75173.0;255.83333333333331;15350.0;199.4;11964.0;0.4;1.4438694744123555;0.024064491240205925;0.3510531594784353;0.005850885991307255;2.4195439739413684;0.040325732899022804
153;2023-04-13 00:00:00+00:00;1801.0;99.0;41.0;1059.45;63567.0;120.66666666666666;7240.0;61.7;3702.0;2.2666666666666666;1.6999386474113927;0.028332310790189878;0.6645056726094003;0.011075094543490005;0.8204419889502763;0.013674033149171271
154;2023-04-14 00:00:00+00:00;1462.0;356.0;51.0;885.0666666666667;53104.0;154.11666666666667;9247.0;115.03333333333333;6902.0;1.1666666666666667;1.6518529677613738;0.0275308827960229;0.4433497536945813;0.007389162561576354;2.3099383583865034;0.038498972639775066
155;2023-04-17 00:00:00+00:00;2560.0;398.0;106.0;1448.8333333333333;86930.0;181.13333333333333;10868.0;219.8;13188.0;0.0;1.7669389163694929;0.029448981939491546;0.4822565969062784;0.008037609948437973;2.1972764078027236;0.03662127346337873
156;2023-04-18 00:00:00+00:00;1753.0;399.0;51.0;1010.35;60621.0;164.28333333333333;9857.0;162.36666666666667;9742.0;0.0;1.7350423120700746;0.02891737186783458;0.3141038801067542;0.005235064668445905;2.428730851171756;0.040478847519529265
157;2023-04-19 00:00:00+00:00;1.0;349.0;0.0;934.2833333333333;56057.0;201.26666666666668;12076.0;271.3;16278.0;2.1666666666666665;0.001070339119110905;1.7838985318515083e-05;0.0;0.0;1.734017886717456;0.0289002981119576
158;2023-04-20 00:00:00+00:00;0.0;308.0;0.0;649.5333333333333;38972.0;162.06666666666666;9724.0;122.71666666666667;7363.0;0.0;0.0;0.0;0.0;0.0;1.900452488687783;0.03167420814479638
159;2023-04-21 00:00:00+00:00;0.0;1305.0;0.0;1151.3166666666666;69079.0;613.95;36837.0;141.05;8463.0;0.0;0.0;0.0;0.0;0.0;2.125580258978744;0.035426337649645735
160;2023-04-24 00:00:00+00:00;0.0;630.0;0.0;1429.4833333333333;85769.0;297.7;17862.0;215.83333333333334;12950.0;0.0;0.0;0.0;0.0;0.0;2.116224386966745;0.03527040644944575
161;2023-04-25 00:00:00+00:00;0.0;1017.0;0.0;1342.9333333333334;80576.0;501.23333333333335;30074.0;145.31666666666666;8719.0;0.0;0.0;0.0;0.0;0.0;2.0289951453082398;0.03381658575513733
162;2023-04-26 00:00:00+00:00;0.0;822.0;0.0;1505.4333333333334;90326.0;466.4;27984.0;177.5;10650.0;0.0;0.0;0.0;0.0;0.0;1.7624356775300172;0.029373927958833618
163;2023-04-27 00:00:00+00:00;1914.0;270.0;64.0;1130.0;67800.0;115.43333333333334;6926.0;118.11666666666667;7087.0;0.0;1.6938053097345134;0.02823008849557522;0.5418371666431494;0.009030619444052491;2.3390124169794975;0.03898354028299163
164;2023-04-28 00:00:00+00:00;2246.0;586.0;71.0;1440.6;86436.0;219.98333333333335;13199.0;210.33333333333334;12620.0;0.0;1.5590726086352908;0.02598454347725485;0.3375594294770206;0.005625990491283677;2.6638381695582996;0.044397302825971666
165;2023-05-02 00:00:00+00:00;2313.0;789.0;54.0;1408.6833333333334;84521.0;407.7166666666667;24463.0;193.96666666666667;11638.0;0.0;1.6419588031376817;0.027365980052294694;0.2783983502319986;0.004639972503866644;1.9351673956587498;0.03225278992764583
166;2023-05-03 00:00:00+00:00;1891.0;933.0;73.0;1309.15;78549.0;414.8333333333333;24890.0;206.05;12363.0;0.0;1.4444486880800518;0.0240741448013342;0.35428294103372965;0.0059047156838954945;2.2490960224989958;0.03748493370831659
167;2023-05-04 00:00:00+00:00;2037.0;130.0;71.0;1112.2333333333333;66734.0;50.06666666666667;3004.0;86.31666666666666;5179.0;0.0;1.831450235262385;0.030524170587706418;0.8225526163351998;0.01370921027225333;2.596537949400799;0.043275632490013316
168;2023-05-05 00:00:00+00:00;1767.0;434.0;35.0;1064.45;63867.0;195.6;11736.0;86.3;5178.0;0.9833333333333333;1.6600122128798909;0.02766687021466485;0.40556199304750873;0.006759366550791812;2.2188139059304706;0.03698023176550784
169;2023-05-08 00:00:00+00:00;2737.0;773.0;128.0;1615.6;96936.0;337.05;20223.0;230.04999999999998;13803.0;0.0;1.6941074523396882;0.028235124205661467;0.5564007824386004;0.009273346373976673;2.293428274736686;0.03822380457894477
170;2023-05-09 00:00:00+00:00;1996.0;945.0;47.0;1316.4833333333333;78989.0;420.8833333333333;25253.0;89.86666666666666;5392.0;0.0;1.5161604780412463;0.025269341300687437;0.5229970326409495;0.008716617210682493;2.245277788777571;0.037421296479626186
171;2023-05-10 00:00:00+00:00;2076.0;812.0;91.0;1331.1833333333334;79871.0;372.71666666666664;22363.0;136.18333333333334;8171.0;0.5;1.5595147174819395;0.025991911958032327;0.6682168645208665;0.01113694774201444;2.1785985780083172;0.03630997630013862
172;2023-05-11 00:00:00+00:00;1503.0;243.0;53.0;789.6;47376.0;128.35;7701.0;132.55;7953.0;0.0;1.9034954407294833;0.031724924012158054;0.39984911354205954;0.00666415189236766;1.89326061550448;0.031554343591741335
173;2023-05-12 00:00:00+00:00;2753.0;765.0;68.0;1755.1;105306.0;283.28333333333336;16997.0;121.51666666666667;7291.0;1.5333333333333334;1.5685715913623157;0.02614285985603859;0.5595940200246879;0.009326567000411467;2.7004765546861207;0.04500794257810202
174;2023-05-15 00:00:00+00:00;2522.0;540.0;103.0;1509.3666666666668;90562.0;238.36666666666667;14302.0;224.01666666666665;13441.0;0.26666666666666666;1.6708994942691193;0.027848324904485324;0.4597872182129306;0.007663120303548843;2.2654174241364844;0.03775695706894141
175;2023-05-16 00:00:00+00:00;2250.0;1305.0;69.0;1195.7166666666667;71743.0;531.3833333333333;31883.0;164.41666666666666;9865.0;4.05;1.8817166831607264;0.03136194471934544;0.4196654840344653;0.006994424733907755;2.4558542169808364;0.04093090361634727
176;2023-05-17 00:00:00+00:00;2212.0;312.0;78.0;1184.35;71061.0;147.53333333333333;8852.0;157.75;9465.0;0.0;1.8676911385992319;0.031128185643320528;0.49445324881141045;0.008240887480190175;2.114776321735201;0.03524627202892002
177;2023-05-19 00:00:00+00:00;2117.0;725.0;51.0;1142.2666666666667;68536.0;313.98333333333335;18839.0;97.38333333333334;5843.0;0.0;1.853332555153496;0.030888875919224932;0.5237035769296594;0.008728392948827657;2.3090397579489355;0.038483995965815594
178;2023-05-22 00:00:00+00:00;2967.0;623.0;90.0;1438.6166666666668;86317.0;298.9666666666667;17938.0;258.1666666666667;15490.0;0.0;2.062397905395229;0.03437329842325382;0.34861200774693346;0.005810200129115558;2.083844352770654;0.03473073921284424
179;2023-05-23 00:00:00+00:00;2484.0;1264.0;49.0;1506.6166666666666;90397.0;585.1166666666667;35107.0;152.45;9147.0;0.0;1.6487272807725921;0.027478788012876534;0.321416857986225;0.00535694763310375;2.1602529410089155;0.03600421568348193
180;2023-05-24 00:00:00+00:00;1895.0;1187.0;59.0;1053.0666666666666;63184.0;475.6333333333333;28538.0;177.91666666666666;10675.0;8.633333333333333;1.7995062041023044;0.02999177006837174;0.33161592505854803;0.0055269320843091335;2.4956198752540475;0.041593664587567455
181;2023-05-25 00:00:00+00:00;2462.0;203.0;69.0;1331.4666666666667;79888.0;179.13333333333333;10748.0;167.85;10071.0;0.0;1.8490887242138994;0.030818145403564992;0.4110813226094728;0.0068513553768245455;1.1332340900632676;0.018887234834387794
182;2023-05-26 00:00:00+00:00;2800.0;709.0;77.0;1781.7333333333333;106904.0;393.0833333333333;23585.0;197.15;11829.0;0.0;1.571503404924044;0.026191723415400735;0.3905655592188689;0.006509425986981148;1.803688785244859;0.030061479754080984
183;2023-05-30 00:00:00+00:00;2488.0;1134.0;45.0;1615.3;96918.0;479.43333333333334;28766.0;196.01666666666665;11761.0;0.0;1.540271157060608;0.02567118595101013;0.229572315279313;0.0038262052546552162;2.3652923590349717;0.03942153931724953
184;2023-05-31 00:00:00+00:00;1999.0;760.0;76.0;1092.1833333333334;65531.0;436.0;26160.0;95.9;5754.0;0.0;1.8302787993468739;0.030504646655781235;0.7924921793534931;0.013208202989224887;1.7431192660550459;0.0290519877675841
185;2023-06-01 00:00:00+00:00;2436.0;152.0;65.0;1369.9;82194.0;101.18333333333334;6071.0;214.73333333333335;12884.0;0.0;1.778231987736331;0.02963719979560552;0.3027010245265445;0.005045017075442409;1.502223686377862;0.025037061439631032
186;2023-06-02 00:00:00+00:00;2301.0;414.0;44.0;1407.3833333333332;84443.0;203.79999999999998;12228.0;130.71666666666667;7843.0;0.0;1.6349490188647966;0.027249150314413273;0.33660589060308554;0.005610098176718092;2.0314033366045146;0.033856722276741906
187;2023-06-05 00:00:00+00:00;2823.0;729.0;83.0;1693.05;101583.0;244.58333333333331;14675.0;208.68333333333334;12521.0;0.0;1.667404979179587;0.027790082986326452;0.3977318105582621;0.006628863509304368;2.9805792163543443;0.049676320272572405
188;2023-06-06 00:00:00+00:00;2976.0;1514.0;116.0;1823.65;109419.0;579.05;34743.0;186.35;11181.0;0.0;1.6318920845556986;0.027198201409261647;0.6224845720418567;0.010374742867364279;2.6146274069596753;0.043577123449327924
189;2023-06-07 00:00:00+00:00;2186.0;94.0;67.0;1440.1;86406.0;79.51666666666667;4771.0;129.18333333333334;7751.0;0.0;1.5179501423512256;0.025299169039187094;0.5186427557734485;0.008644045929557476;1.1821421085726262;0.019702368476210437
190;2023-06-09 00:00:00+00:00;2123.0;789.0;60.0;1317.4166666666667;79045.0;318.81666666666666;19129.0;150.18333333333334;9011.0;2.1;1.6114871275855525;0.026858118793092543;0.3995117079125513;0.006658528465209188;2.4747765173297087;0.04124627528882848
191;2023-06-12 00:00:00+00:00;2333.0;476.0;73.0;1461.9833333333333;87719.0;184.08333333333334;11045.0;198.58333333333334;11915.0;0.0;1.595777425643247;0.026596290427387453;0.3676038606798153;0.006126731011330256;2.585785423268447;0.04309642372114079
192;2023-06-13 00:00:00+00:00;2219.0;893.0;47.0;1370.5833333333333;82235.0;336.05;20163.0;107.75;6465.0;0.0;1.619018666018119;0.026983644433635313;0.4361948955916473;0.007269914926527455;2.657342657342657;0.04428904428904429
193;2023-06-14 00:00:00+00:00;1891.0;1269.0;63.0;1157.9333333333334;69476.0;562.3166666666666;33739.0;155.08333333333334;9305.0;0.0;1.6330819275721111;0.027218032126201854;0.40623320795271356;0.00677055346587856;2.2567355286167348;0.03761225881027891
194;2023-06-15 00:00:00+00:00;792.0;268.0;50.0;458.9;27534.0;96.31666666666666;5779.0;108.56666666666666;6514.0;0.0;1.7258662017868818;0.02876443669644803;0.460546515198035;0.007675775253300584;2.7824883197785084;0.046374805329641805
195;2023-06-16 00:00:00+00:00;2227.0;727.0;77.0;1473.3333333333333;88400.0;286.9166666666667;17215.0;94.88333333333333;5693.0;48.416666666666664;1.5115384615384617;0.02519230769230769;0.811522922887757;0.01352538204812928;2.533836770258495;0.04223061283764159
196;2023-06-19 00:00:00+00:00;2630.0;445.0;112.0;1642.3166666666666;98539.0;133.96666666666667;8038.0;145.76666666666665;8746.0;6.55;1.6013964014248165;0.026689940023746944;0.7683512462840156;0.012805854104733592;3.321721821348594;0.0553620303558099
197;2023-06-20 00:00:00+00:00;2061.0;1012.0;82.0;1555.1166666666666;93307.0;376.45;22587.0;113.28333333333333;6797.0;6.85;1.3253024960613888;0.02208837493435648;0.7238487568044726;0.01206414594674121;2.6882720148758135;0.04480453358126356
198;2023-06-21 00:00:00+00:00;2252.0;373.0;107.0;1487.05;89223.0;152.65;9159.0;178.0;10680.0;8.583333333333334;1.5144077199825157;0.02524012866637526;0.601123595505618;0.010018726591760299;2.4434981984932853;0.04072496997488809
199;2023-06-22 00:00:00+00:00;3238.0;296.0;115.0;1789.3;107358.0;91.23333333333333;5474.0;140.71666666666667;8443.0;9.483333333333334;1.8096462303694183;0.03016077050615697;0.8172450550752102;0.013620750917920171;3.2444282060650345;0.05407380343441724
200;2023-06-26 00:00:00+00:00;2416.0;1372.0;124.0;2170.2166666666667;130213.0;690.6833333333333;41441.0;461.6333333333333;27698.0;49.91666666666667;1.1132529010160275;0.018554215016933794;0.26861145209040366;0.004476857534840061;1.986438551193263;0.03310730918655438
201;2023-06-27 00:00:00+00:00;2316.0;1126.0;41.0;1704.4166666666667;102265.0;411.3;24678.0;144.68333333333334;8681.0;0.0;1.3588226666014764;0.022647044443357942;0.2833774910724571;0.004722958184540951;2.7376610746413808;0.04562768457735635
202;2023-06-28 00:00:00+00:00;2554.0;647.0;97.0;1613.6833333333334;96821.0;276.3666666666667;16582.0;263.35;15801.0;0.4166666666666667;1.5827144937565196;0.026378574895941996;0.3683311182836529;0.006138851971394216;2.341092751175974;0.03901821251959957
203;2023-06-29 00:00:00+00:00;1006.0;212.0;34.0;658.5;39510.0;98.66666666666667;5920.0;70.66666666666667;4240.0;0.0;1.5277145026575552;0.02546190837762592;0.48113207547169806;0.008018867924528302;2.1486486486486487;0.03581081081081081
204;2023-06-30 00:00:00+00:00;1776.0;742.0;31.0;1051.7833333333333;63107.0;293.31666666666666;17599.0;34.266666666666666;2056.0;0.0;1.688560698496205;0.02814267830827008;0.9046692607003891;0.015077821011673152;2.5296891868856184;0.042161486448093644
205;2023-07-03 00:00:00+00:00;2333.0;366.0;89.0;1586.8333333333333;95210.0;235.3;14118.0;188.2;11292.0;0.0;1.470223715996219;0.02450372859993698;0.4729011689691818;0.007881686149486361;1.5554611134721632;0.02592435189120272
206;2023-07-04 00:00:00+00:00;1520.0;1156.0;40.0;1079.4833333333333;64769.0;594.25;35655.0;51.18333333333334;3071.0;0.0;1.4080810264169588;0.02346801710694931;0.7815043959622272;0.013025073266037121;1.9453092132940681;0.0324218202215678
207;2023-07-05 00:00:00+00:00;1732.0;528.0;66.0;1366.8166666666666;82009.0;246.45;14787.0;107.71666666666667;6463.0;0.0;1.2671779926593423;0.021119633210989038;0.6127185517561504;0.010211975862602507;2.1424223980523434;0.03570703996753905
208;2023-07-06 00:00:00+00:00;897.0;175.0;55.0;584.15;35049.0;112.18333333333334;6731.0;174.63333333333333;10478.0;0.0;1.5355644954206968;0.025592741590344945;0.3149456003054018;0.005249093338423363;1.5599465161194472;0.02599910860199079
209;2023-07-07 00:00:00+00:00;1502.0;798.0;56.0;1033.7833333333333;62027.0;381.96666666666664;22918.0;87.38333333333333;5243.0;0.0;1.45291566575846;0.024215261095974334;0.6408544726301736;0.010680907877169559;2.089187538179597;0.03481979230299328
210;2023-07-10 00:00:00+00:00;2031.0;465.0;71.0;1336.7666666666667;80206.0;224.9;13494.0;164.88333333333333;9893.0;0.0;1.519337705408573;0.02532229509014288;0.43060750025270395;0.007176791670878399;2.0675855935971543;0.0344597598932859
211;2023-07-11 00:00:00+00:00;1815.0;1053.0;42.0;1058.0833333333333;63485.0;554.8333333333334;33290.0;93.6;5616.0;12.483333333333333;1.7153658344490825;0.028589430574151375;0.44871794871794873;0.007478632478632479;1.897867227395614;0.031631120456593574
212;2023-07-12 00:00:00+00:00;2353.0;682.0;94.0;1131.45;67887.0;298.0333333333333;17882.0;225.38333333333333;13523.0;5.2333333333333325;2.0796323301957664;0.03466053883659611;0.4170672188123937;0.006951120313539895;2.2883346381836485;0.03813891063639414
213;2023-07-13 00:00:00+00:00;1041.0;182.0;40.0;555.6333333333333;33338.0;59.65;3579.0;45.06666666666666;2704.0;0.0;1.873537704721339;0.031225628412022317;0.8875739644970415;0.014792899408284023;3.0511316010058676;0.050852193350097795
214;2023-07-14 00:00:00+00:00;1949.0;660.0;44.0;1257.8666666666668;75472.0;299.28333333333336;17957.0;63.400000000000006;3804.0;4.666666666666666;1.549448802204791;0.025824146703413188;0.6940063091482649;0.011566771819137749;2.2052681405579997;0.036754469009299996
215;2023-07-17 00:00:00+00:00;1893.0;539.0;119.0;1182.9166666666667;70975.0;173.5;10410.0;173.0;10380.0;13.15;1.6002817893624515;0.02667136315604086;0.6878612716763006;0.011464354527938344;3.106628242074928;0.05177713736791546
216;2023-07-18 00:00:00+00:00;1645.0;1164.0;75.0;1080.05;64803.0;441.0;26460.0;125.36666666666667;7522.0;34.916666666666664;1.5230776352946624;0.025384627254911037;0.5982451475671363;0.009970752459452272;2.639455782312925;0.04399092970521542
217;2023-07-19 00:00:00+00:00;2748.0;604.0;119.0;1781.9166666666667;106915.0;334.8333333333333;20090.0;183.43333333333334;11006.0;8.933333333333334;1.5421596595426272;0.025702660992377124;0.648737052516809;0.010812284208613484;1.8038825286212046;0.03006470881035341
218;2023-07-20 00:00:00+00:00;1134.0;165.0;64.0;687.35;41241.0;56.449999999999996;3387.0;47.88333333333333;2873.0;3.6833333333333336;1.6498145049829054;0.027496908416381756;1.336581970066133;0.022276366167768884;2.9229406554472988;0.048715677590788306
219;2023-07-21 00:00:00+00:00;1993.0;1062.0;40.0;1402.4;84144.0;490.3833333333333;29423.0;135.86666666666667;8152.0;14.766666666666667;1.4211351968054762;0.023685586613424604;0.2944062806673209;0.004906771344455349;2.1656527206607077;0.036094212011011796
220;2023-07-24 00:00:00+00:00;2738.0;867.0;147.0;1795.2833333333333;107717.0;544.9499999999999;32697.0;248.81666666666666;14929.0;10.833333333333334;1.5251074575043866;0.02541845762507311;0.5907964364659388;0.009846607274432312;1.590971648775117;0.02651619414625195
221;2023-07-25 00:00:00+00:00;1833.0;656.0;48.0;1207.9833333333333;72479.0;291.3666666666667;17482.0;89.13333333333334;5348.0;22.183333333333334;1.517405041460285;0.025290084024338085;0.5385190725504861;0.008975317875841436;2.251458643175838;0.0375243107195973
222;2023-07-26 00:00:00+00:00;2155.0;591.0;92.0;1220.8500000000001;73251.0;245.75;14745.0;209.25;12555.0;0.0;1.765163615513781;0.029419393591896357;0.43966547192353644;0.007327757865392274;2.404883011190234;0.040081383519837234
223;2023-07-27 00:00:00+00:00;1156.0;305.0;46.0;730.4;43824.0;110.7;6642.0;76.56666666666666;4594.0;0.0;1.5826944140197152;0.02637824023366192;0.6007836308228124;0.01001306051371354;2.7551942186088527;0.04591990364348088
224;2023-07-28 00:00:00+00:00;1988.0;863.0;45.0;1235.6166666666668;74137.0;427.3;25638.0;61.4;3684.0;16.733333333333334;1.6089132282126333;0.026815220470210555;0.7328990228013029;0.012214983713355049;2.0196583196817226;0.03366097199469537
225;2023-07-31 00:00:00+00:00;2532.0;209.0;96.0;1564.4833333333333;93869.0;90.23333333333333;5414.0;169.23333333333332;10154.0;0.0;1.6184256783389617;0.026973761305649362;0.567264132361631;0.009454402206027182;2.31621721462874;0.03860362024381234
226;2023-08-01 00:00:00+00:00;1835.0;531.0;46.0;545.0666666666667;32704.0;150.79999999999998;9048.0;90.73333333333333;5444.0;0.0;3.366560665362035;0.05610934442270059;0.5069801616458486;0.008449669360764144;3.521220159151194;0.058687002652519894
227;2023-08-02 00:00:00+00:00;2146.0;650.0;65.0;0.0;0.0;0.0;0.0;0.0;0.0;0.0;inf;inf;inf;inf;inf;inf
228;2023-08-03 00:00:00+00:00;960.0;252.0;43.0;0.0;0.0;0.0;0.0;0.0;0.0;0.0;inf;inf;inf;inf;inf;inf
229;2023-08-04 00:00:00+00:00;2052.0;661.0;49.0;0.0;0.0;0.0;0.0;0.0;0.0;0.0;inf;inf;inf;inf;inf;inf
230;2023-08-07 00:00:00+00:00;2450.0;546.0;99.0;0.0;0.0;0.0;0.0;0.0;0.0;0.0;inf;inf;inf;inf;inf;inf
231;2023-08-08 00:00:00+00:00;1889.0;1067.0;49.0;0.0;0.0;0.0;0.0;0.0;0.0;0.0;inf;inf;inf;inf;inf;inf
232;2023-08-09 00:00:00+00:00;2157.0;496.0;94.0;0.0;0.0;0.0;0.0;0.0;0.0;0.0;inf;inf;inf;inf;inf;inf
233;2023-08-10 00:00:00+00:00;915.0;223.0;34.0;0.0;0.0;0.0;0.0;0.0;0.0;0.0;inf;inf;inf;inf;inf;inf
234;2023-08-11 00:00:00+00:00;600.0;119.0;7.0;0.0;0.0;0.0;0.0;0.0;0.0;0.0;inf;inf;inf;inf;inf;inf
