DeliveryDepot,PlannedDate,UnloadingListIdentifier,Picks Gesamt,Gepackte Paletten
KNSTR,2021-11-04 00:00:00+00:00,1,1.0,0.0
KNSTR,2021-11-09 00:00:00+00:00,1,1.0,0.0
KNSTR,2021-11-19 00:00:00+00:00,1,15.0,0.0
KNSTR,2022-01-25 00:00:00+00:00,1,16.0,0.0
KNSTR,2022-01-26 00:00:00+00:00,1,9.0,0.0
KNSTR,2022-01-27 00:00:00+00:00,1,22.0,0.0
KNSTR,2022-01-28 00:00:00+00:00,1,49.0,0.0
KNSTR,2022-01-31 00:00:00+00:00,1,16.0,0.0
KNSTR,2022-02-01 00:00:00+00:00,1,53.0,0.0
KNSTR,2022-02-02 00:00:00+00:00,1,24.0,0.0
KNSTR,2022-02-03 00:00:00+00:00,1,14.0,0.0
KNSTR,2022-02-04 00:00:00+00:00,1,57.0,0.0
KNSTR,2022-02-07 00:00:00+00:00,1,25.0,0.0
KNSTR,2022-02-08 00:00:00+00:00,1,26.0,0.0
KNSTR,2022-02-09 00:00:00+00:00,1,31.0,0.0
KNSTR,2022-02-10 00:00:00+00:00,1,12.0,0.0
KNSTR,2022-02-11 00:00:00+00:00,1,23.0,0.0
KNSTR,2022-02-14 00:00:00+00:00,1,21.0,0.0
KNSTR,2022-02-15 00:00:00+00:00,1,13.0,0.0
KNSTR,2022-02-16 00:00:00+00:00,1,22.0,0.0
KNSTR,2022-02-17 00:00:00+00:00,1,19.0,0.0
KNSTR,2022-03-21 00:00:00+00:00,1,26.0,1.0
KNSTR,2022-04-04 00:00:00+00:00,1,1344.0,47.0
KNSTR,2022-04-05 00:00:00+00:00,1,983.0,30.0
KNSTR,2022-04-06 00:00:00+00:00,1,1056.0,45.0
KNSTR,2022-04-07 00:00:00+00:00,1,1136.0,54.0
KNSTR,2022-04-08 00:00:00+00:00,1,651.0,31.0
KNSTR,2022-04-11 00:00:00+00:00,1,1084.0,58.0
KNSTR,2022-04-12 00:00:00+00:00,1,1276.0,38.0
KNSTR,2022-04-13 00:00:00+00:00,1,1342.0,49.0
KNSTR,2022-04-14 00:00:00+00:00,1,805.0,35.0
KNSTR,2022-04-19 00:00:00+00:00,1,1147.0,36.0
KNSTR,2022-04-20 00:00:00+00:00,1,865.0,29.0
KNSTR,2022-04-21 00:00:00+00:00,1,1134.0,92.0
KNSTR,2022-04-22 00:00:00+00:00,1,852.0,25.0
KNSTR,2022-04-25 00:00:00+00:00,1,1060.0,40.0
KNSTR,2022-04-26 00:00:00+00:00,1,730.0,29.0
KNSTR,2022-04-27 00:00:00+00:00,1,1053.0,38.0
KNSTR,2022-04-28 00:00:00+00:00,1,608.0,42.0
KNSTR,2022-04-29 00:00:00+00:00,1,752.0,34.0
KNSTR,2022-05-02 00:00:00+00:00,1,2261.0,86.0
KNSTR,2022-05-03 00:00:00+00:00,1,1863.0,63.0
KNSTR,2022-05-04 00:00:00+00:00,1,1712.0,70.0
KNSTR,2022-05-05 00:00:00+00:00,1,1273.0,55.0
KNSTR,2022-05-06 00:00:00+00:00,1,1218.0,61.0
KNSTR,2022-05-09 00:00:00+00:00,1,2818.0,122.0
KNSTR,2022-05-10 00:00:00+00:00,1,2115.0,83.0
KNSTR,2022-05-11 00:00:00+00:00,1,1182.0,59.0
KNSTR,2022-05-12 00:00:00+00:00,1,1400.0,74.0
KNSTR,2022-05-13 00:00:00+00:00,1,1611.0,56.0
KNSTR,2022-05-16 00:00:00+00:00,1,2155.0,109.0
KNSTR,2022-05-17 00:00:00+00:00,1,1964.0,78.0
KNSTR,2022-05-18 00:00:00+00:00,1,1841.0,90.0
KNSTR,2022-05-19 00:00:00+00:00,1,1339.0,90.0
KNSTR,2022-05-20 00:00:00+00:00,1,1811.0,72.0
KNSTR,2022-05-23 00:00:00+00:00,1,2665.0,110.0
KNSTR,2022-05-24 00:00:00+00:00,1,1901.0,88.0
KNSTR,2022-05-25 00:00:00+00:00,1,1552.0,92.0
KNSTR,2022-05-27 00:00:00+00:00,1,1077.0,54.0
KNSTR,2022-05-30 00:00:00+00:00,1,1864.0,78.0
KNSTR,2022-05-31 00:00:00+00:00,5,2607.0,100.0
KNSTR,2022-06-01 00:00:00+00:00,4,2172.0,80.0
KNSTR,2022-06-02 00:00:00+00:00,4,1192.0,43.0
KNSTR,2022-06-03 00:00:00+00:00,5,2867.0,120.0
KNSTR,2022-06-07 00:00:00+00:00,5,2112.0,80.0
KNSTR,2022-06-08 00:00:00+00:00,4,2120.0,80.0
KNSTR,2022-06-09 00:00:00+00:00,3,2013.0,86.0
KNSTR,2022-06-10 00:00:00+00:00,4,1139.0,58.0
KNSTR,2022-06-13 00:00:00+00:00,5,2383.0,123.0
KNSTR,2022-06-14 00:00:00+00:00,5,2198.0,89.0
KNSTR,2022-06-15 00:00:00+00:00,4,1676.0,90.0
KNSTR,2022-06-17 00:00:00+00:00,4,1190.0,41.0
KNSTR,2022-06-20 00:00:00+00:00,4,2001.0,98.0
KNSTR,2022-06-21 00:00:00+00:00,4,1452.0,54.0
KNSTR,2022-06-22 00:00:00+00:00,5,1768.0,63.0
KNSTR,2022-06-23 00:00:00+00:00,3,1185.0,60.0
KNSTR,2022-06-24 00:00:00+00:00,3,1711.0,55.0
KNSTR,2022-06-27 00:00:00+00:00,4,1757.0,73.0
KNSTR,2022-06-28 00:00:00+00:00,4,1750.0,50.0
KNSTR,2022-06-29 00:00:00+00:00,3,1970.0,96.0
KNSTR,2022-06-30 00:00:00+00:00,3,990.0,58.0
KNSTR,2022-07-01 00:00:00+00:00,4,1555.0,74.0
KNSTR,2022-07-04 00:00:00+00:00,4,2397.0,108.0
KNSTR,2022-07-05 00:00:00+00:00,3,1763.0,66.0
KNSTR,2022-07-06 00:00:00+00:00,4,1751.0,61.0
KNSTR,2022-07-07 00:00:00+00:00,3,1570.0,69.0
KNSTR,2022-07-08 00:00:00+00:00,3,1365.0,63.0
KNSTR,2022-07-11 00:00:00+00:00,4,2098.0,111.0
KNSTR,2022-07-12 00:00:00+00:00,3,1741.0,58.0
KNSTR,2022-07-13 00:00:00+00:00,3,1164.0,51.0
KNSTR,2022-07-14 00:00:00+00:00,4,986.0,47.0
KNSTR,2022-07-15 00:00:00+00:00,5,1648.0,60.0
KNSTR,2022-07-18 00:00:00+00:00,4,2224.0,94.0
KNSTR,2022-07-19 00:00:00+00:00,3,2018.0,74.0
KNSTR,2022-07-20 00:00:00+00:00,4,1900.0,68.0
KNSTR,2022-07-21 00:00:00+00:00,1,1405.0,54.0
KNSTR,2022-07-22 00:00:00+00:00,3,1450.0,63.0
KNSTR,2022-07-25 00:00:00+00:00,4,2192.0,86.0
KNSTR,2022-07-26 00:00:00+00:00,3,2063.0,67.0
KNSTR,2022-07-27 00:00:00+00:00,3,1537.0,62.0
KNSTR,2022-07-28 00:00:00+00:00,3,1044.0,58.0
KNSTR,2022-07-29 00:00:00+00:00,3,1579.0,56.0
KNSTR,2022-08-01 00:00:00+00:00,6,1977.0,107.0
KNSTR,2022-08-02 00:00:00+00:00,3,1836.0,61.0
KNSTR,2022-08-03 00:00:00+00:00,3,1246.0,48.0
KNSTR,2022-08-04 00:00:00+00:00,3,1564.0,68.0
KNSTR,2022-08-05 00:00:00+00:00,3,1821.0,68.0
KNSTR,2022-08-08 00:00:00+00:00,5,2148.0,93.0
KNSTR,2022-08-09 00:00:00+00:00,4,1777.0,58.0
KNSTR,2022-08-10 00:00:00+00:00,3,1599.0,63.0
KNSTR,2022-08-11 00:00:00+00:00,3,1188.0,52.0
KNSTR,2022-08-12 00:00:00+00:00,3,1614.0,54.0
KNSTR,2022-08-15 00:00:00+00:00,4,2060.0,88.0
KNSTR,2022-08-16 00:00:00+00:00,3,1759.0,56.0
KNSTR,2022-08-17 00:00:00+00:00,3,1696.0,61.0
KNSTR,2022-08-18 00:00:00+00:00,3,938.0,47.0
KNSTR,2022-08-19 00:00:00+00:00,3,1210.0,45.0
KNSTR,2022-08-22 00:00:00+00:00,4,2023.0,97.0
KNSTR,2022-08-23 00:00:00+00:00,4,1841.0,53.0
KNSTR,2022-08-24 00:00:00+00:00,4,1218.0,50.0
KNSTR,2022-08-25 00:00:00+00:00,4,757.0,46.0
KNSTR,2022-08-26 00:00:00+00:00,5,1138.0,52.0
KNSTR,2022-08-29 00:00:00+00:00,5,1815.0,83.0
KNSTR,2022-08-30 00:00:00+00:00,3,1773.0,54.0
KNSTR,2022-08-31 00:00:00+00:00,3,1318.0,50.0
KNSTR,2022-09-01 00:00:00+00:00,4,1033.0,60.0
KNSTR,2022-09-02 00:00:00+00:00,4,1006.0,48.0
KNSTR,2022-09-05 00:00:00+00:00,6,1809.0,81.0
KNSTR,2022-09-06 00:00:00+00:00,3,1380.0,63.0
KNSTR,2022-09-07 00:00:00+00:00,3,1227.0,70.0
KNSTR,2022-09-08 00:00:00+00:00,4,909.0,51.0
KNSTR,2022-09-09 00:00:00+00:00,3,1624.0,52.0
KNSTR,2022-09-12 00:00:00+00:00,4,1785.0,84.0
KNSTR,2022-09-13 00:00:00+00:00,6,1149.0,53.0
KNSTR,2022-09-14 00:00:00+00:00,3,1413.0,58.0
KNSTR,2022-09-15 00:00:00+00:00,3,979.0,46.0
KNSTR,2022-09-16 00:00:00+00:00,3,1208.0,52.0
KNSTR,2022-09-19 00:00:00+00:00,5,1840.0,81.0
KNSTR,2022-09-20 00:00:00+00:00,3,1701.0,59.0
KNSTR,2022-09-21 00:00:00+00:00,4,1902.0,78.0
KNSTR,2022-09-22 00:00:00+00:00,2,1097.0,59.0
KNSTR,2022-09-23 00:00:00+00:00,4,589.0,26.0
KNSTR,2022-09-26 00:00:00+00:00,4,1545.0,94.0
KNSTR,2022-09-27 00:00:00+00:00,5,1888.0,59.0
KNSTR,2022-09-28 00:00:00+00:00,3,1594.0,76.0
KNSTR,2022-09-29 00:00:00+00:00,3,982.0,49.0
KNSTR,2022-09-30 00:00:00+00:00,4,2144.0,90.0
KNSTR,2022-10-04 00:00:00+00:00,4,1099.0,51.0
KNSTR,2022-10-05 00:00:00+00:00,3,1808.0,66.0
KNSTR,2022-10-06 00:00:00+00:00,3,1417.0,60.0
KNSTR,2022-10-07 00:00:00+00:00,2,782.0,41.0
KNSTR,2022-10-10 00:00:00+00:00,5,1808.0,117.0
KNSTR,2022-10-11 00:00:00+00:00,3,1559.0,59.0
KNSTR,2022-10-12 00:00:00+00:00,3,1113.0,98.0
KNSTR,2022-10-13 00:00:00+00:00,3,1154.0,84.0
KNSTR,2022-10-14 00:00:00+00:00,2,1108.0,53.0
KNSTR,2022-10-17 00:00:00+00:00,4,1530.0,78.0
KNSTR,2022-10-18 00:00:00+00:00,3,1553.0,59.0
KNSTR,2022-10-19 00:00:00+00:00,4,1685.0,52.0
KNSTR,2022-10-20 00:00:00+00:00,3,1071.0,62.0
KNSTR,2022-10-21 00:00:00+00:00,3,1647.0,58.0
KNSTR,2022-10-24 00:00:00+00:00,4,1291.0,62.0
KNSTR,2022-10-25 00:00:00+00:00,3,2081.0,63.0
KNSTR,2022-10-26 00:00:00+00:00,4,2311.0,114.0
KNSTR,2022-10-27 00:00:00+00:00,5,929.0,45.0
KNSTR,2022-10-28 00:00:00+00:00,4,2005.0,83.0
KNSTR,2022-10-31 00:00:00+00:00,2,880.0,28.0
KNSTR,2022-11-02 00:00:00+00:00,4,1676.0,60.0
KNSTR,2022-11-03 00:00:00+00:00,3,1283.0,64.0
KNSTR,2022-11-04 00:00:00+00:00,3,1262.0,52.0
KNSTR,2022-11-07 00:00:00+00:00,3,1632.0,87.0
KNSTR,2022-11-08 00:00:00+00:00,3,1324.0,48.0
KNSTR,2022-11-09 00:00:00+00:00,4,1751.0,56.0
KNSTR,2022-11-10 00:00:00+00:00,2,921.0,41.0
KNSTR,2022-11-11 00:00:00+00:00,4,1181.0,51.0
KNSTR,2022-11-14 00:00:00+00:00,5,1634.0,93.0
KNSTR,2022-11-15 00:00:00+00:00,3,1268.0,53.0
KNSTR,2022-11-16 00:00:00+00:00,4,1790.0,93.0
KNSTR,2022-11-17 00:00:00+00:00,3,1578.0,52.0
KNSTR,2022-11-18 00:00:00+00:00,3,1694.0,57.0
KNSTR,2022-11-21 00:00:00+00:00,4,1938.0,97.0
KNSTR,2022-11-22 00:00:00+00:00,3,1275.0,55.0
KNSTR,2022-11-23 00:00:00+00:00,4,1082.0,44.0
KNSTR,2022-11-24 00:00:00+00:00,2,712.0,52.0
KNSTR,2022-11-25 00:00:00+00:00,4,1176.0,46.0
KNSTR,2022-11-28 00:00:00+00:00,4,1833.0,76.0
KNSTR,2022-11-29 00:00:00+00:00,3,1202.0,52.0
KNSTR,2022-11-30 00:00:00+00:00,3,1024.0,59.0
KNSTR,2022-12-01 00:00:00+00:00,3,682.0,46.0
KNSTR,2022-12-02 00:00:00+00:00,6,1312.0,60.0
KNSTR,2022-12-05 00:00:00+00:00,8,1424.0,75.0
KNSTR,2022-12-06 00:00:00+00:00,7,1021.0,67.0
KNSTR,2022-12-07 00:00:00+00:00,9,1619.0,61.0
KNSTR,2022-12-08 00:00:00+00:00,5,1259.0,85.0
KNSTR,2022-12-09 00:00:00+00:00,5,1735.0,97.0
KNSTR,2022-12-12 00:00:00+00:00,9,2067.0,106.0
KNSTR,2022-12-13 00:00:00+00:00,8,1699.0,58.0
KNSTR,2022-12-14 00:00:00+00:00,5,1496.0,51.0
KNSTR,2022-12-15 00:00:00+00:00,5,1363.0,68.0
KNSTR,2022-12-16 00:00:00+00:00,5,1437.0,56.0
KNSTR,2022-12-19 00:00:00+00:00,4,1377.0,73.0
KNSTR,2022-12-20 00:00:00+00:00,4,890.0,39.0
KNSTR,2022-12-21 00:00:00+00:00,4,1008.0,41.0
KNSTR,2022-12-22 00:00:00+00:00,2,828.0,43.0
KNSTR,2022-12-23 00:00:00+00:00,2,1035.0,42.0
KNSTR,2022-12-27 00:00:00+00:00,3,691.0,23.0
KNSTR,2022-12-28 00:00:00+00:00,3,767.0,23.0
KNSTR,2022-12-29 00:00:00+00:00,3,657.0,33.0
KNSTR,2022-12-30 00:00:00+00:00,4,1018.0,37.0
KNSTR,2023-01-02 00:00:00+00:00,3,982.0,78.0
KNSTR,2023-01-03 00:00:00+00:00,2,976.0,43.0
KNSTR,2023-01-04 00:00:00+00:00,4,823.0,50.0
KNSTR,2023-01-05 00:00:00+00:00,3,463.0,31.0
KNSTR,2023-01-09 00:00:00+00:00,3,978.0,45.0
KNSTR,2023-01-10 00:00:00+00:00,3,680.0,20.0
KNSTR,2023-01-11 00:00:00+00:00,5,669.0,27.0
KNSTR,2023-01-12 00:00:00+00:00,5,1072.0,39.0
KNSTR,2023-01-13 00:00:00+00:00,4,702.0,42.0
KNSTR,2023-01-16 00:00:00+00:00,4,1758.0,96.0
KNSTR,2023-01-17 00:00:00+00:00,4,1157.0,48.0
KNSTR,2023-01-18 00:00:00+00:00,5,1129.0,50.0
KNSTR,2023-01-19 00:00:00+00:00,2,850.0,37.0
KNSTR,2023-01-20 00:00:00+00:00,2,1076.0,49.0
KNSTR,2023-01-23 00:00:00+00:00,4,2052.0,84.0
KNSTR,2023-01-24 00:00:00+00:00,3,1334.0,50.0
KNSTR,2023-01-25 00:00:00+00:00,3,1321.0,47.0
KNSTR,2023-01-26 00:00:00+00:00,2,896.0,50.0
KNSTR,2023-01-27 00:00:00+00:00,3,861.0,47.0
KNSTR,2023-01-30 00:00:00+00:00,4,1573.0,79.0
KNSTR,2023-01-31 00:00:00+00:00,2,1406.0,50.0
KNSTR,2023-02-01 00:00:00+00:00,2,1004.0,55.0
KNSTR,2023-02-02 00:00:00+00:00,2,707.0,48.0
KNSTR,2023-02-03 00:00:00+00:00,4,1050.0,49.0
KNSTR,2023-02-06 00:00:00+00:00,2,1467.0,54.0
KNSTR,2023-02-07 00:00:00+00:00,3,1106.0,57.0
KNSTR,2023-02-08 00:00:00+00:00,2,1374.0,48.0
KNSTR,2023-02-09 00:00:00+00:00,3,852.0,45.0
KNSTR,2023-02-10 00:00:00+00:00,2,1159.0,49.0
KNSTR,2023-02-13 00:00:00+00:00,3,1831.0,77.0
KNSTR,2023-02-14 00:00:00+00:00,2,1489.0,55.0
KNSTR,2023-02-15 00:00:00+00:00,2,1313.0,52.0
KNSTR,2023-02-16 00:00:00+00:00,2,892.0,51.0
KNSTR,2023-02-17 00:00:00+00:00,2,1277.0,55.0
KNSTR,2023-02-20 00:00:00+00:00,3,1780.0,80.0
KNSTR,2023-02-21 00:00:00+00:00,3,1124.0,58.0
KNSTR,2023-02-22 00:00:00+00:00,2,994.0,52.0
KNSTR,2023-02-23 00:00:00+00:00,2,845.0,50.0
KNSTR,2023-02-24 00:00:00+00:00,2,1327.0,49.0
KNSTR,2023-02-27 00:00:00+00:00,3,1248.0,58.0
KNSTR,2023-02-28 00:00:00+00:00,2,1126.0,45.0
KNSTR,2023-03-01 00:00:00+00:00,2,1126.0,46.0
KNSTR,2023-03-02 00:00:00+00:00,2,952.0,48.0
KNSTR,2023-03-03 00:00:00+00:00,3,1157.0,54.0
KNSTR,2023-03-06 00:00:00+00:00,4,1682.0,97.0
KNSTR,2023-03-07 00:00:00+00:00,4,1260.0,54.0
KNSTR,2023-03-08 00:00:00+00:00,3,1365.0,68.0
KNSTR,2023-03-09 00:00:00+00:00,2,1123.0,52.0
KNSTR,2023-03-10 00:00:00+00:00,3,1289.0,52.0
KNSTR,2023-03-13 00:00:00+00:00,4,1475.0,100.0
KNSTR,2023-03-14 00:00:00+00:00,2,1156.0,48.0
KNSTR,2023-03-15 00:00:00+00:00,4,1478.0,70.0
KNSTR,2023-03-16 00:00:00+00:00,2,898.0,52.0
KNSTR,2023-03-17 00:00:00+00:00,2,1188.0,59.0
KNSTR,2023-03-20 00:00:00+00:00,4,1557.0,88.0
KNSTR,2023-03-21 00:00:00+00:00,3,1744.0,77.0
KNSTR,2023-03-22 00:00:00+00:00,3,1505.0,53.0
KNSTR,2023-03-23 00:00:00+00:00,2,1019.0,55.0
KNSTR,2023-03-24 00:00:00+00:00,3,1215.0,62.0
KNSTR,2023-03-27 00:00:00+00:00,3,1562.0,78.0
KNSTR,2023-03-28 00:00:00+00:00,3,1347.0,63.0
KNSTR,2023-03-29 00:00:00+00:00,4,1849.0,89.0
KNSTR,2023-03-30 00:00:00+00:00,2,1409.0,71.0
KNSTR,2023-03-31 00:00:00+00:00,3,1321.0,76.0
KNSTR,2023-04-03 00:00:00+00:00,4,2023.0,105.0
KNSTR,2023-04-04 00:00:00+00:00,4,1703.0,79.0
KNSTR,2023-04-05 00:00:00+00:00,3,1543.0,61.0
KNSTR,2023-04-06 00:00:00+00:00,3,1730.0,83.0
KNSTR,2023-04-11 00:00:00+00:00,3,1792.0,70.0
KNSTR,2023-04-12 00:00:00+00:00,3,1200.0,45.0
KNSTR,2023-04-13 00:00:00+00:00,3,1280.0,75.0
KNSTR,2023-04-14 00:00:00+00:00,2,710.0,38.0
KNSTR,2023-04-17 00:00:00+00:00,4,1838.0,91.0
KNSTR,2023-04-18 00:00:00+00:00,2,936.0,46.0
KNSTR,2023-04-19 00:00:00+00:00,2,305.0,56.0
KNSTR,2023-04-20 00:00:00+00:00,2,211.0,50.0
KNSTR,2023-04-21 00:00:00+00:00,3,669.0,53.0
KNSTR,2023-04-24 00:00:00+00:00,2,399.0,65.0
KNSTR,2023-04-25 00:00:00+00:00,4,877.0,76.0
KNSTR,2023-04-26 00:00:00+00:00,3,316.0,62.0
KNSTR,2023-04-27 00:00:00+00:00,4,1295.0,64.0
KNSTR,2023-04-28 00:00:00+00:00,3,1709.0,73.0
KNSTR,2023-05-02 00:00:00+00:00,3,1415.0,61.0
KNSTR,2023-05-03 00:00:00+00:00,3,1538.0,59.0
KNSTR,2023-05-04 00:00:00+00:00,3,1472.0,71.0
KNSTR,2023-05-05 00:00:00+00:00,2,807.0,36.0
KNSTR,2023-05-08 00:00:00+00:00,5,1962.0,99.0
KNSTR,2023-05-09 00:00:00+00:00,4,1610.0,55.0
KNSTR,2023-05-10 00:00:00+00:00,3,1392.0,64.0
KNSTR,2023-05-11 00:00:00+00:00,2,1005.0,55.0
KNSTR,2023-05-12 00:00:00+00:00,3,1953.0,76.0
KNSTR,2023-05-15 00:00:00+00:00,5,1613.0,92.0
KNSTR,2023-05-16 00:00:00+00:00,4,1712.0,64.0
KNSTR,2023-05-17 00:00:00+00:00,3,1564.0,77.0
KNSTR,2023-05-19 00:00:00+00:00,3,1278.0,57.0
KNSTR,2023-05-22 00:00:00+00:00,5,2161.0,99.0
KNSTR,2023-05-23 00:00:00+00:00,3,1736.0,56.0
KNSTR,2023-05-24 00:00:00+00:00,3,1527.0,47.0
KNSTR,2023-05-25 00:00:00+00:00,3,1465.0,84.0
KNSTR,2023-05-26 00:00:00+00:00,3,1647.0,80.0
KNSTR,2023-05-30 00:00:00+00:00,5,1934.0,75.0
KNSTR,2023-05-31 00:00:00+00:00,2,1458.0,60.0
KNSTR,2023-06-01 00:00:00+00:00,3,1595.0,84.0
KNSTR,2023-06-02 00:00:00+00:00,2,1183.0,53.0
KNSTR,2023-06-05 00:00:00+00:00,4,2426.0,106.0
KNSTR,2023-06-06 00:00:00+00:00,3,2021.0,63.0
KNSTR,2023-06-07 00:00:00+00:00,5,1412.0,88.0
KNSTR,2023-06-09 00:00:00+00:00,2,1251.0,51.0
KNSTR,2023-06-12 00:00:00+00:00,5,1734.0,93.0
KNSTR,2023-06-13 00:00:00+00:00,2,1266.0,53.0
KNSTR,2023-06-14 00:00:00+00:00,2,1663.0,53.0
KNSTR,2023-06-15 00:00:00+00:00,2,647.0,34.0
KNSTR,2023-06-16 00:00:00+00:00,3,1154.0,64.0
KNSTR,2023-06-19 00:00:00+00:00,4,1562.0,121.0
KNSTR,2023-06-20 00:00:00+00:00,5,1265.0,81.0
KNSTR,2023-06-21 00:00:00+00:00,5,1721.0,128.0
KNSTR,2023-06-22 00:00:00+00:00,5,1899.0,114.0
KNSTR,2023-06-23 00:00:00+00:00,1,0.0,0.0
KNSTR,2023-06-26 00:00:00+00:00,7,2069.0,109.0
KNSTR,2023-06-27 00:00:00+00:00,6,1592.0,58.0
KNSTR,2023-06-28 00:00:00+00:00,7,1755.0,95.0
KNSTR,2023-06-29 00:00:00+00:00,3,614.0,23.0
KNSTR,2023-06-30 00:00:00+00:00,4,700.0,30.0
KNSTR,2023-07-03 00:00:00+00:00,3,1311.0,64.0
KNSTR,2023-07-04 00:00:00+00:00,3,1009.0,27.0
KNSTR,2023-07-05 00:00:00+00:00,3,1072.0,46.0
KNSTR,2023-07-06 00:00:00+00:00,2,464.0,36.0
KNSTR,2023-07-07 00:00:00+00:00,3,1117.0,33.0
KNSTR,2023-07-10 00:00:00+00:00,4,1293.0,62.0
KNSTR,2023-07-11 00:00:00+00:00,2,910.0,26.0
KNSTR,2023-07-12 00:00:00+00:00,3,1944.0,83.0
KNSTR,2023-07-13 00:00:00+00:00,2,737.0,31.0
KNSTR,2023-07-14 00:00:00+00:00,3,1320.0,52.0
KNSTR,2023-07-17 00:00:00+00:00,4,993.0,63.0
KNSTR,2023-07-18 00:00:00+00:00,2,1327.0,49.0
KNSTR,2023-07-19 00:00:00+00:00,4,2170.0,134.0
KNSTR,2023-07-20 00:00:00+00:00,2,677.0,49.0
KNSTR,2023-07-21 00:00:00+00:00,3,1418.0,53.0
KNSTR,2023-07-24 00:00:00+00:00,5,2017.0,137.0
KNSTR,2023-07-25 00:00:00+00:00,4,1198.0,57.0
KNSTR,2023-07-26 00:00:00+00:00,4,1695.0,73.0
KNSTR,2023-07-27 00:00:00+00:00,3,913.0,37.0
KNSTR,2023-07-28 00:00:00+00:00,4,1403.0,62.0
KNSTR,2023-07-31 00:00:00+00:00,3,1681.0,89.0
KNSTR,2023-08-01 00:00:00+00:00,3,1091.0,55.0
KNSTR,2023-08-02 00:00:00+00:00,3,1659.0,66.0
KNSTR,2023-08-03 00:00:00+00:00,2,741.0,38.0
KNSTR,2023-08-04 00:00:00+00:00,2,1232.0,56.0
KNSTR,2023-08-07 00:00:00+00:00,4,1512.0,76.0
KNSTR,2023-08-08 00:00:00+00:00,3,1431.0,59.0
KNSTR,2023-08-09 00:00:00+00:00,3,1358.0,66.0
KNSTR,2023-08-10 00:00:00+00:00,2,486.0,31.0
KNSTR,2023-08-11 00:00:00+00:00,2,842.0,46.0
KNSTR,2023-08-14 00:00:00+00:00,3,1428.0,78.0
KNSTR,2023-08-15 00:00:00+00:00,2,1524.0,46.0
KNSTR,2023-08-16 00:00:00+00:00,3,1596.0,78.0
KNSTR,2023-08-17 00:00:00+00:00,2,636.0,30.0
KNSTR,2023-08-18 00:00:00+00:00,2,926.0,40.0
KNSTR,2023-08-21 00:00:00+00:00,3,1540.0,80.0
KNSTR,2023-08-22 00:00:00+00:00,2,1248.0,57.0
KNSTR,2023-08-23 00:00:00+00:00,5,1611.0,75.0
KNSTR,2023-08-24 00:00:00+00:00,3,501.0,34.0
KNSTR,2023-08-25 00:00:00+00:00,2,852.0,47.0
KNSTR,2023-08-28 00:00:00+00:00,3,1304.0,82.0
KNSTR,2023-08-29 00:00:00+00:00,2,1264.0,57.0
KNSTR,2023-08-30 00:00:00+00:00,4,1547.0,88.0
KNSTR,2023-08-31 00:00:00+00:00,2,752.0,58.0
KNSTR,2023-09-01 00:00:00+00:00,3,961.0,49.0
KNSTR,2023-09-04 00:00:00+00:00,3,1542.0,74.0
KNSTR,2023-09-05 00:00:00+00:00,2,1274.0,56.0
KNSTR,2023-09-06 00:00:00+00:00,3,1453.0,64.0
KNSTR,2023-09-07 00:00:00+00:00,1,737.0,33.0
KNSTR,2023-09-08 00:00:00+00:00,3,1470.0,68.0
KNSTR,2023-09-11 00:00:00+00:00,3,1469.0,78.0
KNSTR,2023-09-12 00:00:00+00:00,3,1052.0,59.0
KNSTR,2023-09-13 00:00:00+00:00,3,1492.0,70.0
KNSTR,2023-09-14 00:00:00+00:00,2,477.0,39.0
KNSTR,2023-09-15 00:00:00+00:00,2,1319.0,64.0
KNSTR,2023-09-18 00:00:00+00:00,3,1818.0,81.0
KNSTR,2023-09-19 00:00:00+00:00,2,1114.0,62.0
KNSTR,2023-09-20 00:00:00+00:00,3,1583.0,75.0
KNSTR,2023-09-21 00:00:00+00:00,2,686.0,52.0
KNSTR,2023-09-22 00:00:00+00:00,3,1085.0,55.0
KNSTR,2023-09-25 00:00:00+00:00,4,1641.0,109.0
KNSTR,2023-09-26 00:00:00+00:00,5,2396.0,93.0
KNSTR,2023-09-27 00:00:00+00:00,5,2757.0,140.0
KNSTR,2023-09-28 00:00:00+00:00,3,1835.0,72.0
KNSTR,2023-09-29 00:00:00+00:00,4,2978.0,80.0
KNSTR,2023-10-02 00:00:00+00:00,4,1236.0,65.0
KNSTR,2023-10-04 00:00:00+00:00,3,1657.0,72.0
KNSTR,2023-10-05 00:00:00+00:00,2,1108.0,55.0
KNSTR,2023-10-06 00:00:00+00:00,4,1446.0,58.0
KNSTR,2023-10-09 00:00:00+00:00,3,1470.0,74.0
KNSTR,2023-10-10 00:00:00+00:00,2,1502.0,57.0
KNSTR,2023-10-11 00:00:00+00:00,3,1843.0,76.0
KNSTR,2023-10-12 00:00:00+00:00,2,489.0,29.0
KNSTR,2023-10-13 00:00:00+00:00,3,1374.0,63.0
KNSTR,2023-10-16 00:00:00+00:00,3,1651.0,95.0
KNSTR,2023-10-17 00:00:00+00:00,3,894.0,53.0
KNSTR,2023-10-18 00:00:00+00:00,3,1428.0,63.0
KNSTR,2023-10-19 00:00:00+00:00,2,937.0,45.0
KNSTR,2023-10-20 00:00:00+00:00,3,1238.0,50.0
KNSTR,2023-10-23 00:00:00+00:00,5,1749.0,103.0
KNSTR,2023-10-24 00:00:00+00:00,4,1126.0,61.0
KNSTR,2023-10-25 00:00:00+00:00,3,1906.0,96.0
KNSTR,2023-10-26 00:00:00+00:00,2,712.0,59.0
KNSTR,2023-10-27 00:00:00+00:00,3,1513.0,65.0
KNSTR,2023-10-30 00:00:00+00:00,3,2030.0,88.0
KNSTR,2023-10-31 00:00:00+00:00,2,949.0,36.0
KNSTR,2023-11-02 00:00:00+00:00,2,1034.0,55.0
KNSTR,2023-11-03 00:00:00+00:00,3,1442.0,55.0
KNSTR,2023-11-06 00:00:00+00:00,3,930.0,64.0
KNSTR,2023-11-07 00:00:00+00:00,3,1240.0,57.0
KNSTR,2023-11-08 00:00:00+00:00,3,1249.0,54.0
KNSTR,2023-11-09 00:00:00+00:00,2,1049.0,50.0
KNSTR,2023-11-10 00:00:00+00:00,3,993.0,51.0
KNSTR,2023-11-13 00:00:00+00:00,3,1496.0,67.0
KNSTR,2023-11-14 00:00:00+00:00,3,1007.0,53.0
KNSTR,2023-11-15 00:00:00+00:00,3,1918.0,72.0
KNSTR,2023-11-16 00:00:00+00:00,2,463.0,22.0
KNSTR,2023-11-17 00:00:00+00:00,3,1324.0,71.0
KNSTR,2023-11-20 00:00:00+00:00,3,1406.0,75.0
KNSTR,2023-11-21 00:00:00+00:00,3,1207.0,54.0
KNSTR,2023-11-22 00:00:00+00:00,3,1367.0,70.0
KNSTR,2023-11-23 00:00:00+00:00,2,458.0,34.0
KNSTR,2023-11-24 00:00:00+00:00,3,1638.0,55.0
KNSTR,2023-11-27 00:00:00+00:00,4,1164.0,61.0
KNSTR,2023-11-28 00:00:00+00:00,3,1444.0,64.0
KNSTR,2023-11-29 00:00:00+00:00,3,1789.0,82.0
KNSTR,2023-11-30 00:00:00+00:00,5,2684.0,42.0
KNSTR,2023-12-01 00:00:00+00:00,3,1245.0,61.0
KNSTR,2023-12-04 00:00:00+00:00,3,1465.0,84.0
KNSTR,2023-12-05 00:00:00+00:00,3,1251.0,48.0
KNSTR,2023-12-06 00:00:00+00:00,4,1792.0,70.0
KNSTR,2023-12-07 00:00:00+00:00,2,548.0,32.0
KNSTR,2023-12-08 00:00:00+00:00,3,1153.0,56.0
KNSTR,2023-12-11 00:00:00+00:00,4,1641.0,86.0
KNSTR,2023-12-12 00:00:00+00:00,3,1484.0,53.0
KNSTR,2023-12-13 00:00:00+00:00,3,1926.0,79.0
KNSTR,2023-12-14 00:00:00+00:00,2,814.0,53.0
KNSTR,2023-12-15 00:00:00+00:00,3,1622.0,83.0
KNSTR,2023-12-18 00:00:00+00:00,4,2030.0,123.0
KNSTR,2023-12-19 00:00:00+00:00,3,1836.0,83.0
KNSTR,2023-12-20 00:00:00+00:00,4,1798.0,109.0
KNSTR,2023-12-21 00:00:00+00:00,2,493.0,36.0
KNSTR,2023-12-22 00:00:00+00:00,3,1992.0,53.0
KNSTR,2023-12-27 00:00:00+00:00,3,1626.0,83.0
KNSTR,2023-12-28 00:00:00+00:00,2,774.0,38.0
KNSTR,2023-12-29 00:00:00+00:00,3,1279.0,67.0
KNSTR,2024-01-02 00:00:00+00:00,3,920.0,42.0
KNSTR,2024-01-03 00:00:00+00:00,3,946.0,57.0
KNSTR,2024-01-04 00:00:00+00:00,2,737.0,47.0
KNSTR,2024-01-05 00:00:00+00:00,3,650.0,29.0
KNSTR,2024-01-08 00:00:00+00:00,4,975.0,61.0
KNSTR,2024-01-09 00:00:00+00:00,2,1085.0,50.0
KNSTR,2024-01-10 00:00:00+00:00,3,1419.0,74.0
KNSTR,2024-01-11 00:00:00+00:00,3,397.0,60.0
KNSTR,2024-01-12 00:00:00+00:00,4,834.0,39.0
KNSTR,2024-01-15 00:00:00+00:00,3,1039.0,69.0
KNSTR,2024-01-16 00:00:00+00:00,2,642.0,42.0
KNSTR,2024-01-17 00:00:00+00:00,3,1039.0,44.0
KNSTR,2024-01-18 00:00:00+00:00,3,1236.0,41.0
KNSTR,2024-01-19 00:00:00+00:00,2,1065.0,35.0
KNSTR,2024-01-22 00:00:00+00:00,3,1035.0,68.0
KNSTR,2024-01-23 00:00:00+00:00,3,936.0,54.0
KNSTR,2024-01-24 00:00:00+00:00,3,1198.0,60.0
KNSTR,2024-01-25 00:00:00+00:00,2,515.0,36.0
KNSTR,2024-01-26 00:00:00+00:00,3,890.0,49.0
KNSTR,2024-01-29 00:00:00+00:00,2,920.0,53.0
KNSTR,2024-01-30 00:00:00+00:00,3,1494.0,54.0
KNSTR,2024-01-31 00:00:00+00:00,3,1242.0,75.0
KNSTR,2024-02-01 00:00:00+00:00,2,559.0,31.0
KNSTR,2024-02-02 00:00:00+00:00,3,1284.0,47.0
KNSTR,2024-02-05 00:00:00+00:00,3,1426.0,75.0
KNSTR,2024-02-06 00:00:00+00:00,3,1339.0,46.0
KNSTR,2024-02-07 00:00:00+00:00,2,1381.0,68.0
KNSTR,2024-02-08 00:00:00+00:00,2,498.0,34.0
KNSTR,2024-02-09 00:00:00+00:00,3,1106.0,57.0
KNSTR,2024-02-12 00:00:00+00:00,3,1337.0,77.0
KNSTR,2024-02-13 00:00:00+00:00,3,1322.0,63.0
KNSTR,2024-02-14 00:00:00+00:00,2,894.0,62.0
KNSTR,2024-02-15 00:00:00+00:00,2,872.0,63.0
KNSTR,2024-02-16 00:00:00+00:00,2,1086.0,46.0
KNSTR,2024-02-19 00:00:00+00:00,3,1654.0,76.0
KNSTR,2024-02-20 00:00:00+00:00,2,993.0,58.0
KNSTR,2024-02-21 00:00:00+00:00,3,1283.0,63.0
KNSTR,2024-02-22 00:00:00+00:00,2,613.0,40.0
KNSTR,2024-02-23 00:00:00+00:00,2,1002.0,51.0
KNSTR,2024-02-26 00:00:00+00:00,3,996.0,69.0
KNSTR,2024-02-27 00:00:00+00:00,2,960.0,46.0
KNSTR,2024-02-28 00:00:00+00:00,3,1573.0,75.0
KNSTR,2024-02-29 00:00:00+00:00,1,453.0,28.0
KNSTR,2024-03-01 00:00:00+00:00,2,1106.0,53.0
KNSTR,2024-03-04 00:00:00+00:00,3,1820.0,101.0
KNSTR,2024-03-05 00:00:00+00:00,2,1054.0,76.0
KNSTR,2024-03-06 00:00:00+00:00,3,1631.0,93.0
KNSTR,2024-03-07 00:00:00+00:00,2,477.0,77.0
KNSTR,2024-03-08 00:00:00+00:00,2,1284.0,55.0
KNSTR,2024-03-11 00:00:00+00:00,3,1367.0,80.0
KNSTR,2024-03-12 00:00:00+00:00,2,1325.0,58.0
KNSTR,2024-03-13 00:00:00+00:00,3,1471.0,58.0
KNSTR,2024-03-14 00:00:00+00:00,2,457.0,33.0
KNSTR,2024-03-15 00:00:00+00:00,2,795.0,44.0
KNSTR,2024-03-18 00:00:00+00:00,1,738.0,26.0
KNLEJ,2022-08-29 00:00:00+00:00,1,43.0,1.0
KNLEJ,2022-08-30 00:00:00+00:00,1,85.0,1.0
KNLEJ,2022-08-31 00:00:00+00:00,1,21.0,1.0
KNLEJ,2022-09-01 00:00:00+00:00,1,39.0,1.0
KNLEJ,2022-09-05 00:00:00+00:00,1,15.0,1.0
KNLEJ,2022-09-06 00:00:00+00:00,2,159.0,2.0
KNLEJ,2022-09-07 00:00:00+00:00,1,158.0,3.0
KNLEJ,2022-09-12 00:00:00+00:00,1,148.0,16.0
KNLEJ,2022-09-13 00:00:00+00:00,1,230.0,18.0
KNLEJ,2022-09-14 00:00:00+00:00,3,641.0,58.0
KNLEJ,2022-09-15 00:00:00+00:00,1,87.0,15.0
KNLEJ,2022-09-16 00:00:00+00:00,2,473.0,51.0
KNLEJ,2022-09-19 00:00:00+00:00,3,305.0,29.0
KNLEJ,2022-09-20 00:00:00+00:00,3,1483.0,61.0
KNLEJ,2022-09-21 00:00:00+00:00,4,1056.0,94.0
KNLEJ,2022-09-22 00:00:00+00:00,2,221.0,28.0
KNLEJ,2022-09-23 00:00:00+00:00,3,1256.0,61.0
KNLEJ,2022-09-26 00:00:00+00:00,3,925.0,78.0
KNLEJ,2022-09-27 00:00:00+00:00,4,808.0,33.0
KNLEJ,2022-09-28 00:00:00+00:00,3,805.0,76.0
KNLEJ,2022-09-29 00:00:00+00:00,3,386.0,53.0
KNLEJ,2022-09-30 00:00:00+00:00,4,825.0,64.0
KNLEJ,2022-10-04 00:00:00+00:00,3,830.0,49.0
KNLEJ,2022-10-05 00:00:00+00:00,3,600.0,80.0
KNLEJ,2022-10-06 00:00:00+00:00,1,29.0,5.0
KNLEJ,2022-10-07 00:00:00+00:00,3,980.0,86.0
KNLEJ,2022-10-10 00:00:00+00:00,3,1006.0,73.0
KNLEJ,2022-10-11 00:00:00+00:00,3,444.0,52.0
KNLEJ,2022-10-12 00:00:00+00:00,2,437.0,50.0
KNLEJ,2022-10-13 00:00:00+00:00,1,207.0,32.0
KNLEJ,2022-10-14 00:00:00+00:00,2,841.0,48.0
KNLEJ,2022-10-17 00:00:00+00:00,3,295.0,40.0
KNLEJ,2022-10-18 00:00:00+00:00,3,1001.0,47.0
KNLEJ,2022-10-19 00:00:00+00:00,4,589.0,60.0
KNLEJ,2022-10-20 00:00:00+00:00,1,39.0,15.0
KNLEJ,2022-10-21 00:00:00+00:00,3,506.0,40.0
KNLEJ,2022-10-24 00:00:00+00:00,3,249.0,35.0
KNLEJ,2022-10-25 00:00:00+00:00,3,805.0,45.0
KNLEJ,2022-10-26 00:00:00+00:00,2,453.0,39.0
KNLEJ,2022-10-27 00:00:00+00:00,3,198.0,15.0
KNLEJ,2022-10-28 00:00:00+00:00,3,187.0,31.0
KNLEJ,2022-10-31 00:00:00+00:00,3,1072.0,46.0
KNLEJ,2022-11-02 00:00:00+00:00,3,333.0,34.0
KNLEJ,2022-11-03 00:00:00+00:00,1,52.0,6.0
KNLEJ,2022-11-04 00:00:00+00:00,2,697.0,40.0
KNLEJ,2022-11-07 00:00:00+00:00,2,401.0,39.0
KNLEJ,2022-11-08 00:00:00+00:00,2,666.0,41.0
KNLEJ,2022-11-09 00:00:00+00:00,2,735.0,58.0
KNLEJ,2022-11-10 00:00:00+00:00,1,142.0,16.0
KNLEJ,2022-11-11 00:00:00+00:00,2,962.0,53.0
KNLEJ,2022-11-14 00:00:00+00:00,4,887.0,66.0
KNLEJ,2022-11-15 00:00:00+00:00,2,204.0,15.0
KNLEJ,2022-11-16 00:00:00+00:00,4,902.0,69.0
KNLEJ,2022-11-17 00:00:00+00:00,3,288.0,43.0
KNLEJ,2022-11-18 00:00:00+00:00,3,917.0,41.0
KNLEJ,2022-11-21 00:00:00+00:00,4,1321.0,104.0
KNLEJ,2022-11-22 00:00:00+00:00,3,1200.0,67.0
KNLEJ,2022-11-23 00:00:00+00:00,3,1087.0,71.0
KNLEJ,2022-11-24 00:00:00+00:00,2,403.0,50.0
KNLEJ,2022-11-25 00:00:00+00:00,3,1457.0,75.0
KNLEJ,2022-11-28 00:00:00+00:00,4,1224.0,99.0
KNLEJ,2022-11-29 00:00:00+00:00,3,1413.0,84.0
KNLEJ,2022-11-30 00:00:00+00:00,3,962.0,102.0
KNLEJ,2022-12-01 00:00:00+00:00,3,439.0,48.0
KNLEJ,2022-12-02 00:00:00+00:00,6,1143.0,88.0
KNLEJ,2022-12-05 00:00:00+00:00,7,985.0,130.0
KNLEJ,2022-12-06 00:00:00+00:00,7,882.0,59.0
KNLEJ,2022-12-07 00:00:00+00:00,7,1307.0,110.0
KNLEJ,2022-12-08 00:00:00+00:00,4,421.0,61.0
KNLEJ,2022-12-09 00:00:00+00:00,4,1488.0,93.0
KNLEJ,2022-12-12 00:00:00+00:00,7,1632.0,104.0
KNLEJ,2022-12-13 00:00:00+00:00,6,1500.0,75.0
KNLEJ,2022-12-14 00:00:00+00:00,9,1681.0,108.0
KNLEJ,2022-12-15 00:00:00+00:00,4,617.0,55.0
KNLEJ,2022-12-16 00:00:00+00:00,5,1517.0,89.0
KNLEJ,2022-12-19 00:00:00+00:00,4,1084.0,63.0
KNLEJ,2022-12-20 00:00:00+00:00,5,1259.0,64.0
KNLEJ,2022-12-21 00:00:00+00:00,2,994.0,70.0
KNLEJ,2022-12-22 00:00:00+00:00,2,386.0,31.0
KNLEJ,2022-12-23 00:00:00+00:00,3,1315.0,68.0
KNLEJ,2022-12-27 00:00:00+00:00,2,1216.0,43.0
KNLEJ,2022-12-28 00:00:00+00:00,2,737.0,57.0
KNLEJ,2022-12-29 00:00:00+00:00,3,244.0,22.0
KNLEJ,2022-12-30 00:00:00+00:00,3,844.0,52.0
KNLEJ,2023-01-02 00:00:00+00:00,2,499.0,55.0
KNLEJ,2023-01-03 00:00:00+00:00,2,793.0,53.0
KNLEJ,2023-01-04 00:00:00+00:00,4,802.0,44.0
KNLEJ,2023-01-05 00:00:00+00:00,3,873.0,55.0
KNLEJ,2023-01-09 00:00:00+00:00,3,850.0,58.0
KNLEJ,2023-01-10 00:00:00+00:00,3,941.0,43.0
KNLEJ,2023-01-11 00:00:00+00:00,4,663.0,69.0
KNLEJ,2023-01-12 00:00:00+00:00,3,262.0,25.0
KNLEJ,2023-01-13 00:00:00+00:00,4,820.0,44.0
KNLEJ,2023-01-16 00:00:00+00:00,4,1171.0,104.0
KNLEJ,2023-01-17 00:00:00+00:00,4,1509.0,72.0
KNLEJ,2023-01-18 00:00:00+00:00,5,1267.0,71.0
KNLEJ,2023-01-19 00:00:00+00:00,2,320.0,33.0
KNLEJ,2023-01-20 00:00:00+00:00,3,1439.0,80.0
KNLEJ,2023-01-23 00:00:00+00:00,5,945.0,93.0
KNLEJ,2023-01-24 00:00:00+00:00,3,1488.0,77.0
KNLEJ,2023-01-25 00:00:00+00:00,3,1333.0,91.0
KNLEJ,2023-01-26 00:00:00+00:00,1,163.0,21.0
KNLEJ,2023-01-27 00:00:00+00:00,3,1341.0,69.0
KNLEJ,2023-01-30 00:00:00+00:00,3,1025.0,79.0
KNLEJ,2023-01-31 00:00:00+00:00,3,1253.0,75.0
KNLEJ,2023-02-01 00:00:00+00:00,3,1001.0,87.0
KNLEJ,2023-02-02 00:00:00+00:00,2,470.0,43.0
KNLEJ,2023-02-03 00:00:00+00:00,3,1000.0,76.0
KNLEJ,2023-02-06 00:00:00+00:00,3,829.0,79.0
KNLEJ,2023-02-07 00:00:00+00:00,3,1400.0,71.0
KNLEJ,2023-02-08 00:00:00+00:00,3,1042.0,93.0
KNLEJ,2023-02-09 00:00:00+00:00,4,484.0,39.0
KNLEJ,2023-02-10 00:00:00+00:00,3,1285.0,74.0
KNLEJ,2023-02-13 00:00:00+00:00,3,1084.0,97.0
KNLEJ,2023-02-14 00:00:00+00:00,4,1359.0,80.0
KNLEJ,2023-02-15 00:00:00+00:00,3,646.0,60.0
KNLEJ,2023-02-16 00:00:00+00:00,2,555.0,47.0
KNLEJ,2023-02-17 00:00:00+00:00,3,2066.0,93.0
KNLEJ,2023-02-20 00:00:00+00:00,4,1241.0,106.0
KNLEJ,2023-02-21 00:00:00+00:00,4,974.0,68.0
KNLEJ,2023-02-22 00:00:00+00:00,3,804.0,84.0
KNLEJ,2023-02-23 00:00:00+00:00,2,488.0,50.0
KNLEJ,2023-02-24 00:00:00+00:00,3,1202.0,86.0
KNLEJ,2023-02-27 00:00:00+00:00,3,1236.0,78.0
KNLEJ,2023-02-28 00:00:00+00:00,3,1103.0,77.0
KNLEJ,2023-03-01 00:00:00+00:00,3,1220.0,73.0
KNLEJ,2023-03-02 00:00:00+00:00,2,589.0,35.0
KNLEJ,2023-03-03 00:00:00+00:00,3,1283.0,78.0
KNLEJ,2023-03-06 00:00:00+00:00,3,1343.0,84.0
KNLEJ,2023-03-07 00:00:00+00:00,3,1203.0,76.0
KNLEJ,2023-03-08 00:00:00+00:00,3,983.0,79.0
KNLEJ,2023-03-09 00:00:00+00:00,2,650.0,56.0
KNLEJ,2023-03-10 00:00:00+00:00,4,1460.0,82.0
KNLEJ,2023-03-13 00:00:00+00:00,4,900.0,90.0
KNLEJ,2023-03-14 00:00:00+00:00,3,1324.0,88.0
KNLEJ,2023-03-15 00:00:00+00:00,3,1123.0,91.0
KNLEJ,2023-03-16 00:00:00+00:00,2,506.0,38.0
KNLEJ,2023-03-17 00:00:00+00:00,4,1154.0,96.0
KNLEJ,2023-03-20 00:00:00+00:00,4,1270.0,124.0
KNLEJ,2023-03-21 00:00:00+00:00,3,1273.0,79.0
KNLEJ,2023-03-22 00:00:00+00:00,3,1295.0,101.0
KNLEJ,2023-03-23 00:00:00+00:00,2,497.0,42.0
KNLEJ,2023-03-24 00:00:00+00:00,3,1640.0,69.0
KNLEJ,2023-03-27 00:00:00+00:00,4,1331.0,98.0
KNLEJ,2023-03-28 00:00:00+00:00,3,1575.0,89.0
KNLEJ,2023-03-29 00:00:00+00:00,4,1374.0,118.0
KNLEJ,2023-03-30 00:00:00+00:00,3,813.0,70.0
KNLEJ,2023-03-31 00:00:00+00:00,3,1726.0,93.0
KNLEJ,2023-04-03 00:00:00+00:00,4,1479.0,115.0
KNLEJ,2023-04-04 00:00:00+00:00,4,1606.0,110.0
KNLEJ,2023-04-05 00:00:00+00:00,3,1090.0,75.0
KNLEJ,2023-04-06 00:00:00+00:00,4,1508.0,110.0
KNLEJ,2023-04-11 00:00:00+00:00,4,1540.0,97.0
KNLEJ,2023-04-12 00:00:00+00:00,4,1211.0,98.0
KNLEJ,2023-04-13 00:00:00+00:00,2,605.0,36.0
KNLEJ,2023-04-14 00:00:00+00:00,3,1053.0,73.0
KNLEJ,2023-04-17 00:00:00+00:00,4,1109.0,110.0
KNLEJ,2023-04-18 00:00:00+00:00,3,1165.0,75.0
KNLEJ,2023-04-19 00:00:00+00:00,4,45.0,88.0
KNLEJ,2023-04-20 00:00:00+00:00,2,97.0,40.0
KNLEJ,2023-04-21 00:00:00+00:00,3,636.0,77.0
KNLEJ,2023-04-24 00:00:00+00:00,4,227.0,99.0
KNLEJ,2023-04-25 00:00:00+00:00,3,136.0,92.0
KNLEJ,2023-04-26 00:00:00+00:00,3,506.0,93.0
KNLEJ,2023-04-27 00:00:00+00:00,3,825.0,75.0
KNLEJ,2023-04-28 00:00:00+00:00,4,1052.0,79.0
KNLEJ,2023-05-02 00:00:00+00:00,3,1605.0,86.0
KNLEJ,2023-05-03 00:00:00+00:00,3,1214.0,89.0
KNLEJ,2023-05-04 00:00:00+00:00,3,674.0,73.0
KNLEJ,2023-05-05 00:00:00+00:00,3,1288.0,66.0
KNLEJ,2023-05-08 00:00:00+00:00,5,1586.0,135.0
KNLEJ,2023-05-09 00:00:00+00:00,4,1276.0,73.0
KNLEJ,2023-05-10 00:00:00+00:00,4,1455.0,107.0
KNLEJ,2023-05-11 00:00:00+00:00,2,684.0,52.0
KNLEJ,2023-05-12 00:00:00+00:00,5,1503.0,96.0
KNLEJ,2023-05-15 00:00:00+00:00,4,1435.0,110.0
KNLEJ,2023-05-16 00:00:00+00:00,4,1767.0,101.0
KNLEJ,2023-05-17 00:00:00+00:00,5,973.0,85.0
KNLEJ,2023-05-19 00:00:00+00:00,3,1503.0,80.0
KNLEJ,2023-05-22 00:00:00+00:00,3,1372.0,100.0
KNLEJ,2023-05-23 00:00:00+00:00,5,1916.0,104.0
KNLEJ,2023-05-24 00:00:00+00:00,3,1501.0,94.0
KNLEJ,2023-05-25 00:00:00+00:00,3,1177.0,69.0
KNLEJ,2023-05-26 00:00:00+00:00,4,1762.0,103.0
KNLEJ,2023-05-30 00:00:00+00:00,4,1626.0,78.0
KNLEJ,2023-05-31 00:00:00+00:00,4,1265.0,96.0
KNLEJ,2023-06-01 00:00:00+00:00,3,841.0,63.0
KNLEJ,2023-06-02 00:00:00+00:00,3,1333.0,78.0
KNLEJ,2023-06-05 00:00:00+00:00,3,1051.0,81.0
KNLEJ,2023-06-06 00:00:00+00:00,7,2466.0,175.0
KNLEJ,2023-06-07 00:00:00+00:00,5,791.0,55.0
KNLEJ,2023-06-09 00:00:00+00:00,4,1474.0,91.0
KNLEJ,2023-06-12 00:00:00+00:00,3,1060.0,75.0
KNLEJ,2023-06-13 00:00:00+00:00,3,1811.0,91.0
KNLEJ,2023-06-14 00:00:00+00:00,4,1495.0,100.0
KNLEJ,2023-06-15 00:00:00+00:00,2,407.0,54.0
KNLEJ,2023-06-16 00:00:00+00:00,4,1768.0,105.0
KNLEJ,2023-06-19 00:00:00+00:00,5,1551.0,131.0
KNLEJ,2023-06-20 00:00:00+00:00,5,1746.0,115.0
KNLEJ,2023-06-21 00:00:00+00:00,3,855.0,90.0
KNLEJ,2023-06-22 00:00:00+00:00,4,1514.0,121.0
KNLEJ,2023-06-26 00:00:00+00:00,4,1735.0,124.0
KNLEJ,2023-06-27 00:00:00+00:00,4,1746.0,76.0
KNLEJ,2023-06-28 00:00:00+00:00,4,1365.0,103.0
KNLEJ,2023-06-29 00:00:00+00:00,2,502.0,45.0
KNLEJ,2023-06-30 00:00:00+00:00,3,1739.0,79.0
KNLEJ,2023-07-03 00:00:00+00:00,4,1363.0,109.0
KNLEJ,2023-07-04 00:00:00+00:00,3,1559.0,76.0
KNLEJ,2023-07-05 00:00:00+00:00,3,1148.0,86.0
KNLEJ,2023-07-06 00:00:00+00:00,2,592.0,56.0
KNLEJ,2023-07-07 00:00:00+00:00,4,1262.0,90.0
KNLEJ,2023-07-10 00:00:00+00:00,3,1160.0,84.0
KNLEJ,2023-07-11 00:00:00+00:00,3,1863.0,83.0
KNLEJ,2023-07-12 00:00:00+00:00,4,1059.0,93.0
KNLEJ,2023-07-13 00:00:00+00:00,3,458.0,50.0
KNLEJ,2023-07-14 00:00:00+00:00,2,1248.0,68.0
KNLEJ,2023-07-17 00:00:00+00:00,4,1416.0,133.0
KNLEJ,2023-07-18 00:00:00+00:00,4,1390.0,91.0
KNLEJ,2023-07-19 00:00:00+00:00,4,1177.0,87.0
KNLEJ,2023-07-20 00:00:00+00:00,3,621.0,62.0
KNLEJ,2023-07-21 00:00:00+00:00,3,1561.0,75.0
KNLEJ,2023-07-24 00:00:00+00:00,4,1607.0,114.0
KNLEJ,2023-07-25 00:00:00+00:00,4,1202.0,76.0
KNLEJ,2023-07-26 00:00:00+00:00,4,995.0,111.0
KNLEJ,2023-07-27 00:00:00+00:00,2,502.0,53.0
KNLEJ,2023-07-28 00:00:00+00:00,3,1367.0,69.0
KNLEJ,2023-07-31 00:00:00+00:00,5,1048.0,107.0
KNLEJ,2023-08-01 00:00:00+00:00,3,1169.0,67.0
KNLEJ,2023-08-02 00:00:00+00:00,4,1076.0,84.0
KNLEJ,2023-08-03 00:00:00+00:00,2,424.0,46.0
KNLEJ,2023-08-04 00:00:00+00:00,3,1422.0,81.0
KNLEJ,2023-08-07 00:00:00+00:00,4,1487.0,119.0
KNLEJ,2023-08-08 00:00:00+00:00,3,1458.0,72.0
KNLEJ,2023-08-09 00:00:00+00:00,4,1286.0,112.0
KNLEJ,2023-08-10 00:00:00+00:00,2,643.0,47.0
KNLEJ,2023-08-11 00:00:00+00:00,3,977.0,62.0
KNLEJ,2023-08-14 00:00:00+00:00,3,1427.0,92.0
KNLEJ,2023-08-15 00:00:00+00:00,3,1420.0,74.0
KNLEJ,2023-08-16 00:00:00+00:00,3,1095.0,85.0
KNLEJ,2023-08-17 00:00:00+00:00,2,488.0,50.0
KNLEJ,2023-08-18 00:00:00+00:00,3,1216.0,71.0
KNLEJ,2023-08-21 00:00:00+00:00,3,1089.0,89.0
KNLEJ,2023-08-22 00:00:00+00:00,3,1510.0,80.0
KNLEJ,2023-08-23 00:00:00+00:00,3,1010.0,83.0
KNLEJ,2023-08-24 00:00:00+00:00,2,434.0,47.0
KNLEJ,2023-08-25 00:00:00+00:00,3,1054.0,91.0
KNLEJ,2023-08-28 00:00:00+00:00,4,1363.0,108.0
KNLEJ,2023-08-29 00:00:00+00:00,4,1230.0,72.0
KNLEJ,2023-08-30 00:00:00+00:00,4,1034.0,70.0
KNLEJ,2023-08-31 00:00:00+00:00,3,340.0,42.0
KNLEJ,2023-09-01 00:00:00+00:00,4,1472.0,78.0
KNLEJ,2023-09-04 00:00:00+00:00,5,1702.0,100.0
KNLEJ,2023-09-05 00:00:00+00:00,4,1364.0,77.0
KNLEJ,2023-09-06 00:00:00+00:00,4,997.0,97.0
KNLEJ,2023-09-07 00:00:00+00:00,2,583.0,49.0
KNLEJ,2023-09-08 00:00:00+00:00,3,1135.0,82.0
KNLEJ,2023-09-11 00:00:00+00:00,4,1351.0,100.0
KNLEJ,2023-09-12 00:00:00+00:00,3,1419.0,82.0
KNLEJ,2023-09-13 00:00:00+00:00,6,1577.0,145.0
KNLEJ,2023-09-14 00:00:00+00:00,2,538.0,48.0
KNLEJ,2023-09-15 00:00:00+00:00,4,1269.0,105.0
KNLEJ,2023-09-18 00:00:00+00:00,4,1246.0,96.0
KNLEJ,2023-09-19 00:00:00+00:00,2,889.0,65.0
KNLEJ,2023-09-20 00:00:00+00:00,4,1281.0,99.0
KNLEJ,2023-09-21 00:00:00+00:00,4,550.0,56.0
KNLEJ,2023-09-22 00:00:00+00:00,3,1038.0,90.0
KNLEJ,2023-09-25 00:00:00+00:00,5,1940.0,114.0
KNLEJ,2023-09-26 00:00:00+00:00,6,1855.0,129.0
KNLEJ,2023-09-27 00:00:00+00:00,4,2171.0,104.0
KNLEJ,2023-09-28 00:00:00+00:00,3,703.0,47.0
KNLEJ,2023-09-29 00:00:00+00:00,5,1985.0,131.0
KNLEJ,2023-10-02 00:00:00+00:00,5,1615.0,93.0
KNLEJ,2023-10-04 00:00:00+00:00,4,1126.0,110.0
KNLEJ,2023-10-05 00:00:00+00:00,2,694.0,61.0
KNLEJ,2023-10-06 00:00:00+00:00,4,1282.0,69.0
KNLEJ,2023-10-09 00:00:00+00:00,3,1083.0,58.0
KNLEJ,2023-10-10 00:00:00+00:00,3,1479.0,68.0
KNLEJ,2023-10-11 00:00:00+00:00,5,1130.0,88.0
KNLEJ,2023-10-12 00:00:00+00:00,2,341.0,38.0
KNLEJ,2023-10-13 00:00:00+00:00,4,903.0,67.0
KNLEJ,2023-10-16 00:00:00+00:00,4,964.0,95.0
KNLEJ,2023-10-17 00:00:00+00:00,3,1239.0,66.0
KNLEJ,2023-10-18 00:00:00+00:00,4,1044.0,89.0
KNLEJ,2023-10-19 00:00:00+00:00,2,646.0,40.0
KNLEJ,2023-10-20 00:00:00+00:00,3,1078.0,75.0
KNLEJ,2023-10-23 00:00:00+00:00,5,1236.0,90.0
KNLEJ,2023-10-24 00:00:00+00:00,4,1246.0,89.0
KNLEJ,2023-10-25 00:00:00+00:00,5,1024.0,77.0
KNLEJ,2023-10-26 00:00:00+00:00,3,598.0,62.0
KNLEJ,2023-10-27 00:00:00+00:00,5,1500.0,110.0
KNLEJ,2023-10-30 00:00:00+00:00,4,1017.0,62.0
KNLEJ,2023-10-31 00:00:00+00:00,3,725.0,56.0
KNLEJ,2023-11-02 00:00:00+00:00,3,566.0,55.0
KNLEJ,2023-11-03 00:00:00+00:00,4,1143.0,60.0
KNLEJ,2023-11-06 00:00:00+00:00,3,764.0,60.0
KNLEJ,2023-11-07 00:00:00+00:00,3,1065.0,71.0
KNLEJ,2023-11-08 00:00:00+00:00,5,1323.0,121.0
KNLEJ,2023-11-09 00:00:00+00:00,2,334.0,28.0
KNLEJ,2023-11-10 00:00:00+00:00,3,1095.0,73.0
KNLEJ,2023-11-13 00:00:00+00:00,3,1277.0,75.0
KNLEJ,2023-11-14 00:00:00+00:00,3,937.0,68.0
KNLEJ,2023-11-15 00:00:00+00:00,3,999.0,60.0
KNLEJ,2023-11-16 00:00:00+00:00,2,432.0,44.0
KNLEJ,2023-11-17 00:00:00+00:00,3,1274.0,72.0
KNLEJ,2023-11-20 00:00:00+00:00,5,1638.0,112.0
KNLEJ,2023-11-21 00:00:00+00:00,1,2.0,0.0
KNLEJ,2023-11-22 00:00:00+00:00,4,1000.0,81.0
KNLEJ,2023-11-23 00:00:00+00:00,3,547.0,76.0
KNLEJ,2023-11-24 00:00:00+00:00,3,878.0,68.0
KNLEJ,2023-11-27 00:00:00+00:00,4,1041.0,75.0
KNLEJ,2023-11-28 00:00:00+00:00,3,1572.0,64.0
KNLEJ,2023-11-29 00:00:00+00:00,4,900.0,84.0
KNLEJ,2023-11-30 00:00:00+00:00,3,1973.0,42.0
KNLEJ,2023-12-01 00:00:00+00:00,3,1456.0,61.0
KNLEJ,2023-12-04 00:00:00+00:00,4,1166.0,107.0
KNLEJ,2023-12-05 00:00:00+00:00,3,1074.0,59.0
KNLEJ,2023-12-06 00:00:00+00:00,3,1113.0,70.0
KNLEJ,2023-12-07 00:00:00+00:00,2,451.0,43.0
KNLEJ,2023-12-08 00:00:00+00:00,3,901.0,71.0
KNLEJ,2023-12-11 00:00:00+00:00,4,1572.0,106.0
KNLEJ,2023-12-12 00:00:00+00:00,3,1341.0,65.0
KNLEJ,2023-12-13 00:00:00+00:00,4,1063.0,116.0
KNLEJ,2023-12-14 00:00:00+00:00,3,702.0,72.0
KNLEJ,2023-12-15 00:00:00+00:00,3,1178.0,86.0
KNLEJ,2023-12-18 00:00:00+00:00,4,1363.0,85.0
KNLEJ,2023-12-19 00:00:00+00:00,4,1858.0,92.0
KNLEJ,2023-12-20 00:00:00+00:00,5,1471.0,122.0
KNLEJ,2023-12-21 00:00:00+00:00,2,676.0,36.0
KNLEJ,2023-12-22 00:00:00+00:00,4,1817.0,81.0
KNLEJ,2023-12-27 00:00:00+00:00,4,1204.0,115.0
KNLEJ,2023-12-28 00:00:00+00:00,2,542.0,50.0
KNLEJ,2023-12-29 00:00:00+00:00,4,1409.0,83.0
KNLEJ,2024-01-02 00:00:00+00:00,3,1262.0,49.0
KNLEJ,2024-01-03 00:00:00+00:00,3,841.0,75.0
KNLEJ,2024-01-04 00:00:00+00:00,1,267.0,21.0
KNLEJ,2024-01-05 00:00:00+00:00,3,630.0,75.0
KNLEJ,2024-01-08 00:00:00+00:00,3,693.0,43.0
KNLEJ,2024-01-09 00:00:00+00:00,3,1255.0,77.0
KNLEJ,2024-01-10 00:00:00+00:00,3,822.0,68.0
KNLEJ,2024-01-11 00:00:00+00:00,1,166.0,23.0
KNLEJ,2024-01-12 00:00:00+00:00,4,951.0,76.0
KNLEJ,2024-01-15 00:00:00+00:00,3,944.0,85.0
KNLEJ,2024-01-16 00:00:00+00:00,2,895.0,53.0
KNLEJ,2024-01-17 00:00:00+00:00,3,882.0,61.0
KNLEJ,2024-01-18 00:00:00+00:00,1,227.0,18.0
KNLEJ,2024-01-19 00:00:00+00:00,2,916.0,44.0
KNLEJ,2024-01-22 00:00:00+00:00,4,991.0,89.0
KNLEJ,2024-01-23 00:00:00+00:00,3,1190.0,60.0
KNLEJ,2024-01-24 00:00:00+00:00,3,789.0,64.0
KNLEJ,2024-01-25 00:00:00+00:00,2,212.0,13.0
KNLEJ,2024-01-26 00:00:00+00:00,3,961.0,62.0
KNLEJ,2024-01-29 00:00:00+00:00,3,1013.0,74.0
KNLEJ,2024-01-30 00:00:00+00:00,3,1188.0,60.0
KNLEJ,2024-01-31 00:00:00+00:00,3,928.0,71.0
KNLEJ,2024-02-01 00:00:00+00:00,2,356.0,22.0
KNLEJ,2024-02-02 00:00:00+00:00,3,1031.0,71.0
KNLEJ,2024-02-05 00:00:00+00:00,4,1282.0,85.0
KNLEJ,2024-02-06 00:00:00+00:00,3,1074.0,55.0
KNLEJ,2024-02-07 00:00:00+00:00,3,816.0,70.0
KNLEJ,2024-02-08 00:00:00+00:00,1,226.0,32.0
KNLEJ,2024-02-09 00:00:00+00:00,3,927.0,74.0
KNLEJ,2024-02-12 00:00:00+00:00,3,1092.0,96.0
KNLEJ,2024-02-13 00:00:00+00:00,3,1094.0,67.0
KNLEJ,2024-02-14 00:00:00+00:00,3,903.0,81.0
KNLEJ,2024-02-15 00:00:00+00:00,2,231.0,41.0
KNLEJ,2024-02-16 00:00:00+00:00,3,1218.0,59.0
KNLEJ,2024-02-19 00:00:00+00:00,4,1388.0,98.0
KNLEJ,2024-02-20 00:00:00+00:00,3,1264.0,50.0
KNLEJ,2024-02-21 00:00:00+00:00,3,774.0,88.0
KNLEJ,2024-02-22 00:00:00+00:00,2,253.0,35.0
KNLEJ,2024-02-23 00:00:00+00:00,2,1289.0,71.0
KNLEJ,2024-02-26 00:00:00+00:00,4,1467.0,107.0
KNLEJ,2024-02-27 00:00:00+00:00,3,1175.0,70.0
KNLEJ,2024-02-28 00:00:00+00:00,3,878.0,65.0
KNLEJ,2024-02-29 00:00:00+00:00,2,391.0,36.0
KNLEJ,2024-03-01 00:00:00+00:00,4,1137.0,106.0
KNLEJ,2024-03-04 00:00:00+00:00,3,1124.0,89.0
KNLEJ,2024-03-05 00:00:00+00:00,3,1152.0,99.0
KNLEJ,2024-03-06 00:00:00+00:00,3,826.0,71.0
KNLEJ,2024-03-07 00:00:00+00:00,2,323.0,53.0
KNLEJ,2024-03-08 00:00:00+00:00,3,945.0,60.0
KNLEJ,2024-03-11 00:00:00+00:00,4,1191.0,99.0
KNLEJ,2024-03-12 00:00:00+00:00,3,1396.0,66.0
KNLEJ,2024-03-13 00:00:00+00:00,3,695.0,80.0
KNLEJ,2024-03-14 00:00:00+00:00,2,336.0,32.0
KNLEJ,2024-03-15 00:00:00+00:00,3,1243.0,71.0
KNLEJ,2024-03-18 00:00:00+00:00,1,889.0,60.0
KNBFE,2022-05-19 00:00:00+00:00,1,55.0,2.0
KNBFE,2024-02-02 00:00:00+00:00,1,1.0,0.0
KNBFE,2024-02-05 00:00:00+00:00,1,116.0,9.0
KNBFE,2024-02-06 00:00:00+00:00,1,485.0,23.0
KNBFE,2024-02-07 00:00:00+00:00,1,851.0,29.0
KNBFE,2024-02-08 00:00:00+00:00,1,228.0,11.0
KNBFE,2024-02-09 00:00:00+00:00,2,642.0,51.0
KNBFE,2024-02-12 00:00:00+00:00,2,546.0,17.0
KNBFE,2024-02-13 00:00:00+00:00,1,568.0,30.0
KNBFE,2024-02-14 00:00:00+00:00,1,733.0,38.0
KNBFE,2024-02-15 00:00:00+00:00,1,218.0,12.0
KNBFE,2024-02-16 00:00:00+00:00,2,536.0,38.0
KNBFE,2024-02-19 00:00:00+00:00,1,373.0,17.0
KNBFE,2024-02-20 00:00:00+00:00,1,526.0,23.0
KNBFE,2024-02-21 00:00:00+00:00,1,542.0,26.0
KNBFE,2024-02-22 00:00:00+00:00,1,239.0,11.0
KNBFE,2024-02-23 00:00:00+00:00,2,634.0,45.0
KNBFE,2024-02-26 00:00:00+00:00,2,274.0,11.0
KNBFE,2024-02-27 00:00:00+00:00,1,502.0,9.0
KNBFE,2024-02-28 00:00:00+00:00,1,639.0,26.0
KNBFE,2024-02-29 00:00:00+00:00,1,164.0,9.0
KNBFE,2024-03-01 00:00:00+00:00,2,807.0,63.0
KNBFE,2024-03-04 00:00:00+00:00,1,465.0,28.0
KNBFE,2024-03-05 00:00:00+00:00,1,915.0,25.0
KNBFE,2024-03-06 00:00:00+00:00,2,607.0,49.0
KNBFE,2024-03-07 00:00:00+00:00,1,210.0,12.0
KNBFE,2024-03-08 00:00:00+00:00,2,589.0,42.0
KNBFE,2024-03-11 00:00:00+00:00,1,338.0,15.0
KNBFE,2024-03-12 00:00:00+00:00,1,533.0,18.0
KNBFE,2024-03-13 00:00:00+00:00,2,639.0,37.0
KNBFE,2024-03-14 00:00:00+00:00,1,282.0,15.0
KNBFE,2024-03-15 00:00:00+00:00,2,725.0,46.0
KNBFE,2024-03-18 00:00:00+00:00,1,403.0,2.0
KNHAJ,2023-11-02 00:00:00+00:00,1,1.0,0.0
KNHAJ,2024-02-09 00:00:00+00:00,1,5.0,5.0
KNHAJ,2024-02-12 00:00:00+00:00,1,27.0,2.0
KNHAJ,2024-02-13 00:00:00+00:00,1,245.0,15.0
KNHAJ,2024-02-14 00:00:00+00:00,1,477.0,33.0
KNHAJ,2024-02-15 00:00:00+00:00,1,741.0,40.0
KNHAJ,2024-02-16 00:00:00+00:00,2,1165.0,44.0
KNHAJ,2024-02-19 00:00:00+00:00,2,1020.0,47.0
KNHAJ,2024-02-20 00:00:00+00:00,2,489.0,40.0
KNHAJ,2024-02-21 00:00:00+00:00,2,538.0,38.0
KNHAJ,2024-02-22 00:00:00+00:00,2,630.0,33.0
KNHAJ,2024-02-23 00:00:00+00:00,2,985.0,52.0
KNHAJ,2024-02-26 00:00:00+00:00,2,710.0,48.0
KNHAJ,2024-02-27 00:00:00+00:00,2,941.0,43.0
KNHAJ,2024-02-28 00:00:00+00:00,2,857.0,57.0
KNHAJ,2024-02-29 00:00:00+00:00,1,312.0,30.0
KNHAJ,2024-03-01 00:00:00+00:00,2,995.0,57.0
KNHAJ,2024-03-04 00:00:00+00:00,3,1406.0,64.0
KNHAJ,2024-03-05 00:00:00+00:00,2,798.0,58.0
KNHAJ,2024-03-06 00:00:00+00:00,1,594.0,53.0
KNHAJ,2024-03-07 00:00:00+00:00,2,595.0,47.0
KNHAJ,2024-03-08 00:00:00+00:00,3,867.0,60.0
KNHAJ,2024-03-11 00:00:00+00:00,2,796.0,51.0
KNHAJ,2024-03-12 00:00:00+00:00,2,1016.0,40.0
KNHAJ,2024-03-13 00:00:00+00:00,2,811.0,51.0
KNHAJ,2024-03-14 00:00:00+00:00,2,484.0,34.0
KNHAJ,2024-03-15 00:00:00+00:00,2,608.0,37.0
KNHAJ,2024-03-18 00:00:00+00:00,1,431.0,11.0
