SapOrderNumber,CreatedTimestamp,CreatedBy,UpdatedTimestamp,UpdatedBy,Status,NiceLabelTransmissionState_Status,NiceLabelTransmissionState_TimeStamp,DeliveryDepot,IsReturnDelivery,IsDesAdvNeeded,PlannedDate,UnloadingListIdentifier,AllSSCCLabelsPrinted,IsSSCCLabelPrintingAllowed,PartnerNo,IDocNumberDESADV,Source,IDocNumberSHPORD,QuantityCheckStatus,QuantityCheckTimestamp,OrderHasConflicts,ActualNumberOfPallets,EstimatedNumberOfPallets,DeletedBy,DeletionTime,IsDeleted,Gepackte Paletten,Fertige Paletten,Geschätzte Paletten,VolInThKg,Picks Paletten,Picks Karton,Picks Stangen,KVP,Lieferschein erhalten,Picks Gesamt,PartnerName,PicksFertig,PicksOffen,Picks Karton offen,Picks Paletten offen,Picks Stangen offen,Picks Karton fertig,Picks Paletten fertig,Picks Stangen fertig,Fertiggestellt,Deadline
3201992817,2023-10-02 12:07:32.520785+00:00,Service,2023-10-02 12:07:36.213162+00:00,Service,OrderInformationSent,1,2023-10-02 12:07:32.520784+00:00,KNSTR,False,False,2023-10-04 14:00:00,,False,False,50034017,,,0000005373952456,NoDESADVArrived,NaT,False,0,2,,,False,0,0,2,0.0,0,56,0,3,2023-10-02 12:07:32.520785+00:00,56,NETTO Marken-Discount AG&CO.KG,,,56.0,0.0,0.0,,,,NaT,14:00:00
3201992818,2023-10-02 12:07:25.392402+00:00,Service,2023-10-02 12:07:31.027155+00:00,Service,OrderInformationSent,1,2023-10-02 12:07:25.392401+00:00,KNSTR,False,False,2023-10-04 14:00:00,,False,False,50034017,,,0000005373952458,NoDESADVArrived,NaT,False,0,2,,,False,0,0,2,0.0,0,78,0,9,2023-10-02 12:07:25.392402+00:00,78,NETTO Marken-Discount AG&CO.KG,,,78.0,0.0,0.0,,,,NaT,14:00:00
3201992819,2023-10-02 12:07:51.968278+00:00,Service,2023-10-02 12:08:08.774001+00:00,Service,OrderInformationSent,1,2023-10-02 12:07:51.968277+00:00,KNSTR,False,True,2023-10-04 14:00:00,,False,False,50034702,,,0000005373952460,NoDESADVArrived,NaT,False,0,1,,,False,0,0,1,0.0,0,14,118,32,2023-10-02 12:07:51.968278+00:00,132,Metro C&C Markt GmbH,,,14.0,0.0,118.0,,,,NaT,14:00:00
3202448646,2023-10-04 07:22:19.949062+00:00,Service,2023-10-04 07:22:26.670411+00:00,Service,OrderInformationSent,1,2023-10-04 07:22:19.949061+00:00,KNSTR,False,False,2023-10-04 14:00:00,,False,False,50035252,,,0000005384436245,NoDESADVArrived,NaT,False,0,8,,,False,0,0,8,0.0,5,10,20,12,2023-10-04 07:22:19.949062+00:00,35,tobaccoland Automatenges.mbH&C,,,10.0,5.0,20.0,,,,NaT,14:00:00
3202513428,2023-10-02 15:08:14.115196+00:00,Service,2023-10-02 15:08:15.973952+00:00,Service,OrderInformationSent,1,2023-10-02 15:08:14.115195+00:00,KNSTR,False,True,2023-10-04 14:00:00,,False,False,50034702,,,0000005374659406,NoDESADVArrived,NaT,False,0,1,,,False,0,0,1,0.0,0,0,9,3,2023-10-02 15:08:14.115196+00:00,9,Metro C&C Markt GmbH,,,0.0,0.0,9.0,,,,NaT,14:00:00
3202561370,2023-10-02 12:08:16.315819+00:00,Service,2023-10-02 12:08:25.999820+00:00,Service,OrderInformationSent,1,2023-10-02 12:08:16.315818+00:00,KNSTR,False,True,2023-10-04 14:00:00,,False,False,50035337,,,0000005373952462,NoDESADVArrived,NaT,False,0,0,,,False,0,0,0,0.0,0,0,77,21,2023-10-02 12:08:16.315819+00:00,77,Metro Gastro,,,0.0,0.0,77.0,,,,NaT,14:00:00
3202561371,2023-10-02 12:07:39.304780+00:00,Service,2023-10-02 12:07:44.426363+00:00,Service,OrderInformationSent,1,2023-10-02 12:07:39.304779+00:00,KNSTR,False,True,2023-10-04 14:00:00,,False,False,50034702,,,0000005373952464,NoDESADVArrived,NaT,False,0,0,,,False,0,0,0,0.0,0,0,76,10,2023-10-02 12:07:39.304780+00:00,76,Metro C&C Markt GmbH,,,0.0,0.0,76.0,,,,NaT,14:00:00
3202561372,2023-10-02 12:08:44.464527+00:00,Service,2023-10-02 12:08:50.656175+00:00,Service,OrderInformationSent,1,2023-10-02 12:08:44.464526+00:00,KNSTR,False,False,2023-10-04 14:00:00,,False,False,52219243,,,0000005373952466,NoDESADVArrived,NaT,False,0,1,,,False,0,0,1,0.0,0,27,0,7,2023-10-02 12:08:44.464527+00:00,27,Franz Glück Tabakwaren GmbH,,,27.0,0.0,0.0,,,,NaT,14:00:00
3202561375,2023-10-02 12:08:28.483828+00:00,Service,2023-10-02 12:08:31.885898+00:00,Service,OrderInformationSent,1,2023-10-02 12:08:28.483827+00:00,KNSTR,False,True,2023-10-04 14:00:00,,False,False,50035337,,,0000005373952473,NoDESADVArrived,NaT,False,0,0,,,False,0,0,0,0.0,0,0,57,8,2023-10-02 12:08:28.483828+00:00,57,Metro Gastro,,,0.0,0.0,57.0,,,,NaT,14:00:00
3202561376,2023-10-02 12:10:22.789263+00:00,Service,2023-10-04 10:47:51.142215+00:00,Service,OrderInformationSent,1,2023-10-04 10:36:43.801717+00:00,KNLEJ,False,False,2023-10-04 14:00:00,,False,False,50034839,0000005386077332,SAP,0000005386023615,QuantityCheckWithDifferences,2023-10-04 10:47:53.079854+00:00,False,12,9,,,False,12,12,9,0.0,4,88,1,35,2023-10-02 12:10:22.789263+00:00,93,Wolf Tabakwaren e.K.,,,88.0,4.0,1.0,,,,NaT,14:00:00
3202561377,2023-10-02 12:09:53.821834+00:00,Service,2023-10-04 10:49:40.296897+00:00,Service,OrderInformationSent,1,2023-10-02 12:09:53.821833+00:00,KNSTR,False,False,2023-10-04 14:00:00,,False,True,50034033,0000005386008061,SAP,0000005373952477,QuantityCheckOK,2023-10-04 10:49:43.116181+00:00,False,1,1,,,False,1,1,1,0.0,0,29,60,26,2023-10-02 12:09:53.821834+00:00,89,Willbold GmbH,,,29.0,0.0,60.0,,,,NaT,14:00:00
3202561379,2023-10-02 12:09:15.073417+00:00,Service,2023-10-02 12:09:17.226592+00:00,Service,OrderInformationSent,1,2023-10-02 12:09:15.073416+00:00,KNSTR,False,False,2023-10-04 14:00:00,,False,False,50034598,,,0000005373952481,NoDESADVArrived,NaT,False,0,1,,,False,0,0,1,0.0,1,0,0,1,2023-10-02 12:09:15.073417+00:00,1,NETTO Marken-Discount AG&CO.KG,,,0.0,1.0,0.0,,,,NaT,14:00:00
3202561381,2023-10-02 12:11:21.192957+00:00,Service,2023-10-02 12:11:24.377872+00:00,Service,OrderInformationSent,1,2023-10-02 12:11:21.192956+00:00,KNSTR,False,False,2023-10-04 14:00:00,,False,False,52047044,,,0000005373952486,NoDESADVArrived,NaT,False,0,2,,,False,0,0,2,0.0,1,0,0,1,2023-10-02 12:11:21.192957+00:00,1,ALDI GmbH & Co. KG,,,0.0,1.0,0.0,,,,NaT,14:00:00
3202561382,2023-10-02 12:10:56.652603+00:00,Service,2023-10-02 12:11:01.004061+00:00,Service,OrderInformationSent,1,2023-10-02 12:10:56.652602+00:00,KNSTR,False,False,2023-10-04 14:00:00,,False,False,50034598,,,0000005373952488,NoDESADVArrived,NaT,False,0,2,,,False,0,0,2,0.0,0,24,0,6,2023-10-02 12:10:56.652603+00:00,24,NETTO Marken-Discount AG&CO.KG,,,24.0,0.0,0.0,,,,NaT,14:00:00
3202561387,2023-10-02 12:11:34.292371+00:00,Service,2023-10-02 12:11:37.522135+00:00,Service,OrderInformationSent,1,2023-10-02 12:11:34.292370+00:00,KNSTR,False,False,2023-10-04 14:00:00,,False,False,50034598,,,0000005373952499,NoDESADVArrived,NaT,False,0,1,,,False,0,0,1,0.0,0,21,0,5,2023-10-02 12:11:34.292371+00:00,21,NETTO Marken-Discount AG&CO.KG,,,21.0,0.0,0.0,,,,NaT,14:00:00
3202561389,2023-10-02 12:11:38.683124+00:00,Service,2023-10-02 12:11:40.179905+00:00,Service,OrderInformationSent,1,2023-10-02 12:11:38.683123+00:00,KNSTR,False,True,2023-10-04 14:00:00,,False,False,50034577,,,0000005373952503,NoDESADVArrived,NaT,False,0,0,,,False,0,0,0,0.0,0,2,0,2,2023-10-02 12:11:38.683124+00:00,2,Huissel Tabak GmbH,,,2.0,0.0,0.0,,,,NaT,14:00:00
3202561390,2023-10-02 12:11:13.536939+00:00,Service,2023-10-02 12:11:16.127243+00:00,Service,OrderInformationSent,1,2023-10-02 12:11:13.536938+00:00,KNSTR,False,False,2023-10-04 14:00:00,,False,False,50034033,,,0000005373952506,NoDESADVArrived,NaT,False,0,1,,,False,0,0,1,0.0,0,6,0,4,2023-10-02 12:11:13.536939+00:00,6,Willbold GmbH,,,6.0,0.0,0.0,,,,NaT,14:00:00
3202562032,2023-10-02 15:08:23.228244+00:00,Service,2023-10-02 15:08:37.507465+00:00,Service,OrderInformationSent,1,2023-10-02 15:08:23.228243+00:00,KNSTR,False,False,2023-10-04 14:00:00,,False,False,54067714,,,0000005374659415,NoDESADVArrived,NaT,False,0,19,,,False,0,0,19,0.0,12,252,0,24,2023-10-02 15:08:23.228244+00:00,264,EDEKA Handelsges. Südwest GmbH,,,252.0,12.0,0.0,,,,NaT,14:00:00
3202563015,2023-10-04 06:26:03.930648+00:00,Service,2023-10-04 06:26:05.770502+00:00,Service,OrderInformationSent,1,2023-10-04 06:26:03.930647+00:00,KNSTR,False,True,2023-10-04 14:00:00,,False,False,50034577,,,0000005384371048,NoDESADVArrived,NaT,False,0,1,,,False,0,0,1,0.0,0,5,0,3,2023-10-04 06:26:03.930648+00:00,5,Huissel Tabak GmbH,,,5.0,0.0,0.0,,,,NaT,14:00:00
3202563020,2023-10-04 06:17:34.683076+00:00,Service,2023-10-04 06:17:52.870094+00:00,Service,OrderInformationSent,1,2023-10-04 06:17:34.683075+00:00,KNSTR,False,True,2023-10-04 14:00:00,,False,False,50034469,,,0000005384371066,NoDESADVArrived,NaT,False,0,5,,,False,0,0,5,0.0,1,144,0,34,2023-10-04 06:17:34.683076+00:00,145,Lekkerland Deutschland GmbH&Co,,,144.0,1.0,0.0,,,,NaT,14:00:00
3202563021,2023-10-04 06:18:01.507280+00:00,Service,2023-10-04 06:18:16.285289+00:00,Service,OrderInformationSent,1,2023-10-04 06:18:01.507278+00:00,KNSTR,False,True,2023-10-04 14:00:00,,False,False,50034469,,,0000005384371069,NoDESADVArrived,NaT,False,0,4,,,False,0,0,4,0.0,1,58,24,26,2023-10-04 06:18:01.507280+00:00,83,Lekkerland Deutschland GmbH&Co,,,58.0,1.0,24.0,,,,NaT,14:00:00
3202563022,2023-10-04 06:16:34.331465+00:00,Service,2023-10-04 06:16:35.866877+00:00,Service,OrderInformationSent,1,2023-10-04 06:16:34.331464+00:00,KNSTR,False,True,2023-10-04 14:00:00,,False,False,50034469,,,0000005384371072,NoDESADVArrived,NaT,False,0,3,,,False,0,0,3,0.0,3,0,0,3,2023-10-04 06:16:34.331465+00:00,3,Lekkerland Deutschland GmbH&Co,,,0.0,3.0,0.0,,,,NaT,14:00:00
3202563059,2023-10-04 06:22:53.103377+00:00,Service,2023-10-04 06:23:04.627151+00:00,Service,OrderInformationSent,1,2023-10-04 06:22:53.103376+00:00,KNLEJ,False,True,2023-10-04 14:00:00,,False,False,50033910,,,0000005384387650,NoDESADVArrived,NaT,False,0,3,,,False,0,0,3,0.0,0,188,0,23,2023-10-04 06:22:53.103377+00:00,188,Tabacon Tabakwaren,,,188.0,0.0,0.0,,,,NaT,14:00:00
3202563062,2023-10-04 06:23:16.320684+00:00,Service,2023-10-04 10:51:16.059589+00:00,Service,OrderInformationSent,1,2023-10-04 06:23:16.320682+00:00,KNSTR,False,True,2023-10-04 14:00:00,,False,True,50034538,0000005386059723,SAP,0000005384387657,QuantityCheckOK,2023-10-04 10:46:51.323316+00:00,False,10,3,,,False,10,10,3,0.0,0,106,5,30,2023-10-04 06:23:16.320684+00:00,111,Lekkerland Deutschland GmbH&Co,,,106.0,0.0,5.0,,,,NaT,14:00:00
3201960777,2023-10-04 09:07:20.132593+00:00,Service,2023-10-04 10:08:52.718354+00:00,24096607-69ab-4d37-959a-f85b067c6821,SSCCInformationSent,1,2023-10-04 09:07:20.132592+00:00,KNLEJ,False,False,2023-10-04 14:00:00,,True,True,50034666,0000005386036756,SAP,0000005386008663,QuantityCheckOK,2023-10-04 09:51:04.250620+00:00,False,2,3,,,False,2,2,3,0.0,1,14,0,2,2023-10-04 09:07:20.132593+00:00,15,EDEKA HG,,,,,,14.0,1.0,0.0,2023-10-04 09:51:04.250620+00:00,14:00:00
3202418522,2023-10-04 09:07:16.160731+00:00,Service,2023-10-04 10:09:05.946319+00:00,24096607-69ab-4d37-959a-f85b067c6821,SSCCInformationSent,1,2023-10-04 09:07:16.160730+00:00,KNLEJ,False,False,2023-10-04 14:00:00,,True,True,50033817,0000005386036456,SAP,0000005386008511,QuantityCheckOK,2023-10-04 09:44:52.113246+00:00,False,1,1,,,False,1,1,1,0.0,0,7,0,3,2023-10-04 09:07:16.160731+00:00,7,Wolf Tabakwaren e.K.,,,,,,7.0,0.0,0.0,2023-10-04 09:44:52.113246+00:00,14:00:00
3202513426,2023-10-02 15:08:11.590275+00:00,Service,2023-10-04 04:16:47.488685+00:00,24096607-69ab-4d37-959a-f85b067c6821,SSCCInformationSent,1,2023-10-02 15:08:11.590274+00:00,KNLEJ,False,False,2023-10-04 14:00:00,,True,True,50034839,0000005374667544,SAP,0000005374659402,QuantityCheckOK,2023-10-02 15:28:54.445971+00:00,False,0,0,,,False,0,0,0,0.0,0,2,0,2,2023-10-02 15:08:11.590275+00:00,2,Wolf Tabakwaren e.K.,,,,,,2.0,0.0,0.0,2023-10-02 15:28:54.445971+00:00,14:00:00
3202513427,2023-10-02 15:07:52.902182+00:00,Service,2023-10-04 05:54:23.626893+00:00,24096607-69ab-4d37-959a-f85b067c6821,SSCCInformationSent,1,2023-10-02 15:07:52.902181+00:00,KNLEJ,False,False,2023-10-04 14:00:00,,True,True,50034666,0000005384354741,SAP,0000005374659404,QuantityCheckOK,2023-10-04 04:56:22.882149+00:00,False,33,34,,,False,33,33,34,0.0,31,30,0,15,2023-10-02 15:07:52.902182+00:00,61,EDEKA HG,,,,,,30.0,31.0,0.0,2023-10-04 04:56:22.882149+00:00,14:00:00
3202513429,2023-10-02 15:08:04.818325+00:00,Service,2023-10-04 04:15:16.733923+00:00,24096607-69ab-4d37-959a-f85b067c6821,SSCCInformationSent,1,2023-10-02 15:08:04.818324+00:00,KNLEJ,False,False,2023-10-04 14:00:00,,True,True,50034216,0000005377122892,SAP,0000005374659408,QuantityCheckOK,2023-10-02 17:32:18.907167+00:00,False,3,2,,,False,3,3,2,0.0,0,71,0,11,2023-10-02 15:08:04.818325+00:00,71,NETTO Marken-Discount AG&CO.KG,,,,,,71.0,0.0,0.0,2023-10-02 17:32:18.907167+00:00,14:00:00
3202561373,2023-10-02 12:08:36.562828+00:00,Service,2023-10-04 08:05:39.264746+00:00,24096607-69ab-4d37-959a-f85b067c6821,SSCCInformationSent,1,2023-10-02 12:08:36.562827+00:00,KNLEJ,False,False,2023-10-04 14:00:00,,True,True,50033817,0000005384401999,SAP,0000005373952468,QuantityCheckOK,2023-10-04 06:38:40.690762+00:00,False,1,1,,,False,1,1,1,0.0,0,14,0,9,2023-10-02 12:08:36.562828+00:00,14,Wolf Tabakwaren e.K.,,,,,,14.0,0.0,0.0,2023-10-04 06:38:40.690762+00:00,14:00:00
3202561374,2023-10-02 12:09:00.846630+00:00,Service,2023-10-04 09:29:54.554027+00:00,24096607-69ab-4d37-959a-f85b067c6821,SSCCInformationSent,1,2023-10-02 12:09:00.846629+00:00,KNSTR,False,False,2023-10-04 14:00:00,,True,True,50097175,0000005385977926,SAP,0000005373952470,QuantityCheckOK,2023-10-04 08:35:56.447871+00:00,False,1,1,,,False,1,1,1,0.0,0,4,104,26,2023-10-02 12:09:00.846630+00:00,108,EDEKA Foodservice Stiftung & Co. KG,,,,,,4.0,0.0,104.0,2023-10-04 08:35:56.447871+00:00,14:00:00
3202561378,2023-10-02 12:09:37.908962+00:00,Service,2023-10-04 06:09:34.288020+00:00,24096607-69ab-4d37-959a-f85b067c6821,SSCCInformationSent,1,2023-10-02 12:09:37.908961+00:00,KNLEJ,False,False,2023-10-04 14:00:00,,True,True,50033817,0000005384352360,SAP,0000005373952479,QuantityCheckOK,2023-10-04 05:39:15.682828+00:00,False,2,3,,,False,2,2,3,0.0,1,42,21,19,2023-10-02 12:09:37.908962+00:00,64,Wolf Tabakwaren e.K.,,,,,,42.0,1.0,21.0,2023-10-04 05:39:15.682828+00:00,14:00:00
3202561380,2023-10-02 12:09:22.088795+00:00,Service,2023-10-04 08:05:23.952016+00:00,24096607-69ab-4d37-959a-f85b067c6821,SSCCInformationSent,1,2023-10-02 12:09:22.088794+00:00,KNLEJ,False,False,2023-10-04 14:00:00,,True,True,50034839,0000005384378678,SAP,0000005373952483,QuantityCheckOK,2023-10-04 06:22:05.901684+00:00,False,2,2,,,False,2,2,2,0.0,0,42,11,17,2023-10-02 12:09:22.088795+00:00,53,Wolf Tabakwaren e.K.,,,,,,42.0,0.0,11.0,2023-10-04 06:22:05.901684+00:00,14:00:00
3202561383,2023-10-02 12:10:47.569432+00:00,Service,2023-10-04 10:46:25.263385+00:00,Service,OrderInformationSent,1,2023-10-02 12:10:47.569431+00:00,KNSTR,False,False,2023-10-04 14:00:00,,True,True,50034478,0000005386049155,SAP,0000005373952490,QuantityCheckOK,2023-10-04 10:45:41.747173+00:00,False,1,1,,,False,1,1,1,0.0,0,7,49,10,2023-10-02 12:10:47.569432+00:00,56,Biesinger GmbH,,,,,,7.0,0.0,49.0,2023-10-04 10:45:41.747173+00:00,14:00:00
3202561384,2023-10-02 12:11:16.913649+00:00,Service,2023-10-04 04:17:02.823200+00:00,24096607-69ab-4d37-959a-f85b067c6821,SSCCInformationSent,1,2023-10-02 12:11:16.913648+00:00,KNLEJ,False,False,2023-10-04 14:00:00,,True,True,50034839,0000005374514843,SAP,0000005373952492,QuantityCheckOK,2023-10-02 14:41:30.310899+00:00,False,0,0,,,False,0,0,0,0.0,0,0,8,4,2023-10-02 12:11:16.913649+00:00,8,Wolf Tabakwaren e.K.,,,,,,0.0,0.0,8.0,2023-10-02 14:41:30.310899+00:00,14:00:00
3202561385,2023-10-02 12:11:04.540555+00:00,Service,2023-10-04 04:15:33.474967+00:00,24096607-69ab-4d37-959a-f85b067c6821,SSCCInformationSent,1,2023-10-02 12:11:04.540554+00:00,KNLEJ,False,True,2023-10-04 14:00:00,,True,True,50033863,0000005375806169,SAP,0000005373952495,QuantityCheckOK,2023-10-02 16:36:17.150176+00:00,False,7,9,,,False,7,7,9,0.0,6,21,0,9,2023-10-02 12:11:04.540555+00:00,27,Rewe Zentral AG Köln,,,,,,21.0,6.0,0.0,2023-10-02 16:36:17.150176+00:00,14:00:00
3202561386,2023-10-02 12:11:26.874497+00:00,Service,2023-10-04 04:16:11.216583+00:00,24096607-69ab-4d37-959a-f85b067c6821,SSCCInformationSent,1,2023-10-02 12:11:26.874496+00:00,KNLEJ,False,True,2023-10-04 14:00:00,,True,True,50034138,0000005374680808,SAP,0000005373952497,QuantityCheckOK,2023-10-02 15:18:54.209966+00:00,False,5,8,,,False,5,5,8,0.0,4,23,0,8,2023-10-02 12:11:26.874497+00:00,27,REWE,,,,,,23.0,4.0,0.0,2023-10-02 15:18:54.209966+00:00,14:00:00
3202561388,2023-10-02 12:11:42.822117+00:00,Service,2023-10-04 04:15:50.778456+00:00,24096607-69ab-4d37-959a-f85b067c6821,SSCCInformationSent,1,2023-10-02 12:11:42.822116+00:00,KNLEJ,False,True,2023-10-04 14:00:00,,True,True,50034989,0000005375416846,SAP,0000005373952501,QuantityCheckOK,2023-10-02 15:56:35.406547+00:00,False,9,14,,,False,9,9,14,0.0,7,48,0,11,2023-10-02 12:11:42.822117+00:00,55,EDEKA Minden-Hannover,,,,,,48.0,7.0,0.0,2023-10-02 15:56:35.406547+00:00,14:00:00
3202561391,2023-10-02 12:11:19.241529+00:00,Service,2023-10-04 06:09:52.198176+00:00,24096607-69ab-4d37-959a-f85b067c6821,SSCCInformationSent,1,2023-10-02 12:11:19.241528+00:00,KNLEJ,False,False,2023-10-04 14:00:00,,True,True,52339211,0000005384339198,SAP,0000005373952508,QuantityCheckOK,2023-10-04 04:51:18.697237+00:00,False,1,2,,,False,1,1,2,0.0,1,0,0,1,2023-10-02 12:11:19.241529+00:00,1,LIDL GmbH & Co. KG,,,,,,0.0,1.0,0.0,2023-10-04 04:51:18.697237+00:00,14:00:00
3202561392,2023-10-02 12:11:50.593913+00:00,Service,2023-10-04 06:10:05.921597+00:00,24096607-69ab-4d37-959a-f85b067c6821,SSCCInformationSent,1,2023-10-02 12:11:50.593912+00:00,KNLEJ,False,False,2023-10-04 14:00:00,,True,True,52378961,0000005384358938,SAP,0000005373952511,QuantityCheckOK,2023-10-04 05:36:47.229815+00:00,False,1,1,,,False,1,1,1,0.0,1,0,0,1,2023-10-02 12:11:50.593913+00:00,1,LIDL GmbH & Co. KG,,,,,,0.0,1.0,0.0,2023-10-04 05:36:47.229815+00:00,14:00:00
3202561393,2023-10-02 12:11:49.199139+00:00,Service,2023-10-04 04:16:22.140549+00:00,24096607-69ab-4d37-959a-f85b067c6821,SSCCInformationSent,1,2023-10-02 12:11:49.199138+00:00,KNSTR,False,False,2023-10-04 14:00:00,,True,True,90077844,0000005375826360,SAP,0000005373952513,QuantityCheckOK,2023-10-02 16:36:07.797904+00:00,False,1,1,,,False,1,1,1,0.0,1,0,0,1,2023-10-02 12:11:49.199139+00:00,1,Tatjana Seifert,,,,,,0.0,1.0,0.0,2023-10-02 16:36:07.797904+00:00,14:00:00
3202561394,2023-10-02 12:11:52.878823+00:00,Service,2023-10-04 06:10:22.826155+00:00,24096607-69ab-4d37-959a-f85b067c6821,SSCCInformationSent,1,2023-10-02 12:11:52.878822+00:00,KNLEJ,False,True,2023-10-04 14:00:00,,True,True,50035284,0000005384367664,SAP,0000005373952515,QuantityCheckOK,2023-10-04 05:44:24.826686+00:00,False,2,2,,,False,2,2,2,0.0,1,8,0,2,2023-10-02 12:11:52.878823+00:00,9,Penny-Markt GmbH,,,,,,8.0,1.0,0.0,2023-10-04 05:44:24.826686+00:00,14:00:00
3202562030,2023-10-02 15:07:43.183685+00:00,Service,2023-10-04 08:04:55.112531+00:00,24096607-69ab-4d37-959a-f85b067c6821,SSCCInformationSent,1,2023-10-02 15:07:43.183684+00:00,KNLEJ,False,False,2023-10-04 14:00:00,,True,True,50034216,0000005384381801,SAP,0000005374659410,QuantityCheckOK,2023-10-04 06:09:51.813651+00:00,False,2,4,,,False,2,2,4,0.0,1,14,0,2,2023-10-02 15:07:43.183685+00:00,15,NETTO Marken-Discount AG&CO.KG,,,,,,14.0,1.0,0.0,2023-10-04 06:09:51.813651+00:00,14:00:00
3202562031,2023-10-02 15:08:38.335792+00:00,Service,2023-10-04 08:52:02.316681+00:00,24096607-69ab-4d37-959a-f85b067c6821,SSCCInformationSent,1,2023-10-02 15:08:38.335791+00:00,KNLEJ,False,False,2023-10-04 14:00:00,,True,True,50034666,0000005385921161,SAP,0000005374659412,QuantityCheckOK,2023-10-04 08:30:07.985758+00:00,False,1,1,,,False,1,1,1,0.0,0,8,0,2,2023-10-02 15:08:38.335792+00:00,8,EDEKA HG,,,,,,8.0,0.0,0.0,2023-10-04 08:30:07.985758+00:00,14:00:00
3202562033,2023-10-02 15:08:47.041527+00:00,Service,2023-10-04 08:06:02.308410+00:00,24096607-69ab-4d37-959a-f85b067c6821,SSCCInformationSent,1,2023-10-02 15:08:47.041526+00:00,KNLEJ,False,False,2023-10-04 14:00:00,,True,True,50034666,0000005384392087,SAP,0000005374659419,QuantityCheckOK,2023-10-04 06:39:27.673253+00:00,False,9,8,,,False,9,9,8,0.0,4,163,12,24,2023-10-02 15:08:47.041527+00:00,179,EDEKA HG,,,,,,163.0,4.0,12.0,2023-10-04 06:39:27.673253+00:00,14:00:00
3202563016,2023-10-04 06:26:09.503033+00:00,Service,2023-10-04 08:04:42.504105+00:00,24096607-69ab-4d37-959a-f85b067c6821,SSCCInformationSent,1,2023-10-04 06:26:09.503032+00:00,KNLEJ,False,True,2023-10-04 14:00:00,,True,True,50034144,0000005384892608,SAP,0000005384371052,QuantityCheckOK,2023-10-04 07:48:50.893681+00:00,False,1,1,,,False,1,1,1,0.0,0,2,87,11,2023-10-04 06:26:09.503033+00:00,89,Edeka Foodservice Stiftung & Co. KG,,,,,,2.0,0.0,87.0,2023-10-04 07:48:50.893681+00:00,14:00:00
3202563017,2023-10-04 06:16:14.543856+00:00,Service,2023-10-04 10:43:26.339241+00:00,24096607-69ab-4d37-959a-f85b067c6821,SSCCInformationSent,1,2023-10-04 06:16:14.543855+00:00,KNSTR,False,True,2023-10-04 14:00:00,,True,True,50034577,0000005386041895,SAP,0000005384371054,QuantityCheckOK,2023-10-04 10:29:23.159064+00:00,False,2,2,,,False,2,2,2,0.0,0,63,0,32,2023-10-04 06:16:14.543856+00:00,63,Huissel Tabak GmbH,,,,,,63.0,0.0,0.0,2023-10-04 10:29:23.159064+00:00,14:00:00
3202563018,2023-10-04 06:26:25.483112+00:00,Service,2023-10-04 10:50:25.054420+00:00,6929b940-2163-45cd-867c-02c023bad8a4,SSCCInformationSent,1,2023-10-04 06:26:25.483111+00:00,KNSTR,False,True,2023-10-04 14:00:00,,True,True,50034577,0000005386053831,SAP,0000005384371058,QuantityCheckOK,2023-10-04 10:37:13.674477+00:00,False,3,3,,,False,3,3,3,0.0,0,54,0,21,2023-10-04 06:26:25.483112+00:00,54,Huissel Tabak GmbH,,,,,,54.0,0.0,0.0,2023-10-04 10:37:13.674477+00:00,14:00:00
3202563019,2023-10-04 06:16:04.183883+00:00,Service,2023-10-04 09:28:42.567047+00:00,24096607-69ab-4d37-959a-f85b067c6821,SSCCInformationSent,1,2023-10-04 06:16:04.183882+00:00,KNLEJ,False,False,2023-10-04 14:00:00,,True,True,50034666,0000005385994155,SAP,0000005384371060,QuantityCheckOK,2023-10-04 08:40:56.936323+00:00,False,1,1,,,False,1,1,1,0.0,0,6,0,1,2023-10-04 06:16:04.183883+00:00,6,EDEKA HG,,,,,,6.0,0.0,0.0,2023-10-04 08:40:56.936323+00:00,14:00:00
3202563023,2023-10-04 06:16:44.193688+00:00,Service,2023-10-04 10:24:28.162558+00:00,24096607-69ab-4d37-959a-f85b067c6821,SSCCInformationSent,1,2023-10-04 06:16:44.193687+00:00,KNLEJ,False,True,2023-10-04 14:00:00,,True,True,50034493,0000005386031276,SAP,0000005384371075,QuantityCheckOK,2023-10-04 09:39:19.613407+00:00,False,7,7,,,False,7,7,7,0.0,5,43,0,17,2023-10-04 06:16:44.193688+00:00,48,Lekkerland Deutschland GmbH&Co,,,,,,43.0,5.0,0.0,2023-10-04 09:39:19.613407+00:00,14:00:00
3202563024,2023-10-04 06:16:57.968734+00:00,Service,2023-10-04 08:06:52.416675+00:00,24096607-69ab-4d37-959a-f85b067c6821,SSCCInformationSent,1,2023-10-04 06:16:57.968733+00:00,KNLEJ,False,True,2023-10-04 14:00:00,,True,True,50033910,0000005384913338,SAP,0000005384371078,QuantityCheckOK,2023-10-04 07:48:06.881820+00:00,False,1,1,,,False,1,1,1,0.0,0,26,1,14,2023-10-04 06:16:57.968734+00:00,27,Tabacon Tabakwaren,,,,,,26.0,0.0,1.0,2023-10-04 07:48:06.881820+00:00,14:00:00
3202563025,2023-10-04 06:17:14.339081+00:00,Service,2023-10-04 08:50:12.944757+00:00,24096607-69ab-4d37-959a-f85b067c6821,SSCCInformationSent,1,2023-10-04 06:17:14.339080+00:00,KNLEJ,False,True,2023-10-04 14:00:00,,True,True,50034493,0000005385153504,SAP,0000005384371080,QuantityCheckOK,2023-10-04 07:56:53.229138+00:00,False,3,2,,,False,3,3,2,0.0,0,50,0,21,2023-10-04 06:17:14.339081+00:00,50,Lekkerland Deutschland GmbH&Co,,,,,,50.0,0.0,0.0,2023-10-04 07:56:53.229138+00:00,14:00:00
3202563026,2023-10-04 06:16:31.451476+00:00,Service,2023-10-04 08:51:45.421653+00:00,24096607-69ab-4d37-959a-f85b067c6821,SSCCInformationSent,1,2023-10-04 06:16:31.451475+00:00,KNLEJ,False,True,2023-10-04 14:00:00,,True,True,50033910,0000005385997320,SAP,0000005384371084,QuantityCheckOK,2023-10-04 08:31:56.676222+00:00,False,2,5,,,False,2,2,5,0.0,2,0,0,2,2023-10-04 06:16:31.451476+00:00,2,Tabacon Tabakwaren,,,,,,0.0,2.0,0.0,2023-10-04 08:31:56.676222+00:00,14:00:00
3202563056,2023-10-04 06:23:05.362960+00:00,Service,2023-10-04 09:29:01.475912+00:00,24096607-69ab-4d37-959a-f85b067c6821,SSCCInformationSent,1,2023-10-04 06:23:05.362959+00:00,KNLEJ,False,False,2023-10-04 14:00:00,,True,True,50034839,0000005386005368,SAP,0000005384387641,QuantityCheckOK,2023-10-04 08:54:49.717190+00:00,False,1,1,,,False,1,1,1,0.0,0,3,0,1,2023-10-04 06:23:05.362960+00:00,3,Wolf Tabakwaren e.K.,,,,,,3.0,0.0,0.0,2023-10-04 08:54:49.717190+00:00,14:00:00
3202563057,2023-10-04 06:22:17.182731+00:00,Service,2023-10-04 09:27:14.886901+00:00,24096607-69ab-4d37-959a-f85b067c6821,SSCCInformationSent,1,2023-10-04 06:22:17.182730+00:00,KNLEJ,False,True,2023-10-04 14:00:00,,True,True,50033910,0000005386007298,SAP,0000005384387643,QuantityCheckOK,2023-10-04 09:04:13.961728+00:00,False,0,0,,,False,0,0,0,0.0,0,1,0,1,2023-10-04 06:22:17.182731+00:00,1,Tabacon Tabakwaren,,,,,,1.0,0.0,0.0,2023-10-04 09:04:13.961728+00:00,14:00:00
3202563058,2023-10-04 06:22:18.630423+00:00,Service,2023-10-04 09:28:29.075699+00:00,24096607-69ab-4d37-959a-f85b067c6821,SSCCInformationSent,1,2023-10-04 06:22:18.630422+00:00,KNLEJ,False,True,2023-10-04 14:00:00,,True,True,50033910,0000005386004722,SAP,0000005384387646,QuantityCheckOK,2023-10-04 09:06:20.343573+00:00,False,0,0,,,False,0,0,0,0.0,0,1,0,1,2023-10-04 06:22:18.630423+00:00,1,Tabacon Tabakwaren,,,,,,1.0,0.0,0.0,2023-10-04 09:06:20.343573+00:00,14:00:00
3202563060,2023-10-04 06:22:25.762400+00:00,Service,2023-10-04 09:59:04.896374+00:00,Service,OrderInformationSent,1,2023-10-04 06:22:25.762399+00:00,KNSTR,False,True,2023-10-04 14:00:00,,True,True,50034538,0000005386036988,SAP,0000005384387652,QuantityCheckOK,2023-10-04 09:54:40.755555+00:00,False,4,4,,,False,4,4,4,0.0,1,72,0,20,2023-10-04 06:22:25.762400+00:00,73,Lekkerland Deutschland GmbH&Co,,,,,,72.0,1.0,0.0,2023-10-04 09:54:40.755555+00:00,14:00:00
3202563061,2023-10-04 06:23:07.731410+00:00,Service,2023-10-04 09:29:17.458790+00:00,24096607-69ab-4d37-959a-f85b067c6821,SSCCInformationSent,1,2023-10-04 06:23:07.731409+00:00,KNLEJ,False,True,2023-10-04 14:00:00,,True,True,50033910,0000005386005278,SAP,0000005384387654,QuantityCheckOK,2023-10-04 08:49:38.408522+00:00,False,0,0,,,False,0,0,0,0.0,0,1,0,1,2023-10-04 06:23:07.731410+00:00,1,Tabacon Tabakwaren,,,,,,1.0,0.0,0.0,2023-10-04 08:49:38.408522+00:00,14:00:00
